normalizedCapacity,voltage
1.0,0.00972532536036511
0.9999578827263014,0.00991601801448991
0.9998790134255746,0.0101067106686147
0.9997607084678011,0.0102974033227395
0.9996424044439269,0.0104880959768643
0.9995241006120588,0.0106787886309891
0.999445231399429,0.0108694812851139
0.999326928069366,0.0110601739392388
0.9992480579841969,0.0112508665933636
0.9991691886228471,0.0114415592474884
0.9990508856103582,0.0116322519016132
0.9989720169992305,0.011822944555738
0.9988931478639848,0.0120136372098628
0.9987748424168151,0.0122043298639876
0.9987354095323914,0.0123950225181124
0.9986171059001512,0.0125857151722372
0.9985382365407444,0.012776407826362
0.9984593645009178,0.0129671004804868
0.9983410604836556,0.0131577931346116
0.9982621896840713,0.0133484857887364
0.998183321959204,0.0135391784428612
0.9980650176957546,0.013729871096986
0.9979467146545438,0.0139205637511108
0.99786784554658,0.0141112564052356
0.9977495383796579,0.0143019490593605
0.9976706701372923,0.0144926417134853
0.9975917995679392,0.0146833343676101
0.9974734946154616,0.0148740270217349
0.9973946237522514,0.0150647196758597
0.9973157549703557,0.0152554123299845
0.9972368861344911,0.0154461049841093
0.9971185811067396,0.0156367976382341
0.9970397094805821,0.0158274902923589
0.9969214048301346,0.0160181829464837
0.9968819711921756,0.0162088756006085
0.9967242321717069,0.0163995682547333
0.9966847963656881,0.0165902609088581
0.9964876173837874,0.0167809535629829
0.9964481808045293,0.0169716462171077
0.996329872727862,0.0171623388712325
0.9962510051236426,0.0173530315253574
0.9961327000353142,0.0175437241794822
0.9960932665295531,0.017734416833607
0.995974959636393,0.0179251094877318
0.9958960925320279,0.0181158021418566
0.9957777881260554,0.0183064947959814
0.9957383526637509,0.0184971874501062
0.9956200501282072,0.018687880104231
0.995541179679478,0.0188785727583558
0.9954228752854616,0.0190692654124806
0.9953440052810036,0.0192599580666054
0.9952257022042577,0.0194506507207302
0.9951468321008886,0.019641343374855
0.9950285260630208,0.0198320360289798
0.994949656289878,0.0200227286831046
0.9948313531195638,0.0202134213372294
0.9947524829969618,0.0204041139913543
0.9946341793592628,0.0205948066454791
0.9945553086516725,0.0207854992996039
0.9944370057964286,0.0209761919537287
0.9943581345357273,0.0211668846078535
0.9942398295986058,0.0213575772619783
0.9942003957623466,0.0215482699161031
0.9940820927107177,0.0217389625702279
0.994003224111174,0.0219296552243527
0.9938849211198453,0.0221203478784775
0.9938060516758663,0.0223110405326023
0.9936877475864321,0.0225017331867271
0.993608877075769,0.0226924258408519
0.9934511398536107,0.0228831184949767
0.9933722694013466,0.0230738111491015
0.993253963825398,0.0232645038032263
0.993175094348371,0.0234551964573511
0.9930567898780547,0.023645889111476
0.9929779228133876,0.0238365817656008
0.9928596196223696,0.0240272744197256
0.9927807502502538,0.0242179670738504
0.9926624439791378,0.0244086597279752
0.9925835746172301,0.0245993523821
0.9924652720106473,0.0247900450362248
0.9924258374224998,0.0249807376903496
0.992307531105279,0.0251714303444744
0.9922286641003699,0.0253621229985992
0.9920709256516133,0.025552815652724
0.9919920559482024,0.0257435083068488
0.9918343170093066,0.0259342009609736
0.9917160088042732,0.0261248936150984
0.9915977011815179,0.0263155862692232
0.9915582669563466,0.026506278923348
0.9914005229477955,0.0266969715774728
0.9913216535907796,0.0268876642315977
0.9912033486403982,0.0270783568857225
0.9910850456620162,0.0272690495398473
0.9910061765801775,0.0274597421939721
0.9908878712221789,0.0276504348480969
0.9907695674556477,0.0278411275022217
0.9906906955010472,0.0280318201563465
0.9905723927228973,0.0282225128104713
0.9904935220642351,0.0284132054645961
0.9903357817016669,0.0286038981187209
0.990256908336011,0.0287945907728457
0.990099168520644,0.0289852834269705
0.9900202991119071,0.0291759760810953
0.9898625599082603,0.0293666687352201
0.989783689013372,0.0295573613893449
0.9896653859909231,0.0297480540434697
0.989547078931063,0.0299387466975946
0.9894287718156858,0.0301294393517194
0.9893104583718398,0.0303201320058442
0.9891527079397867,0.030510824659969
0.9891921444602347,0.0307015173140938
0.9889949698719183,0.0308922099682186
0.9888766659527192,0.0310829026223434
0.9887977950905877,0.0312735952764682
0.9886794917971319,0.031464287930593
0.9885217495265621,0.0316549805847178
0.9884034472154954,0.0318456732388426
0.9882851411008886,0.0320363658929674
0.9882062719278788,0.0322270585470922
0.9880090973285583,0.032417751201217
0.9879302272354074,0.0326084438553418
0.9877724881032636,0.0327991365094666
0.9876936164920561,0.0329898291635915
0.9875358753508698,0.0331805218177163
0.9874175667327502,0.0333712144718411
0.9872992615821976,0.0335619071259659
0.9872203908691123,0.0337525997800907
0.9870626532317811,0.0339432924342155
0.9869443487236796,0.0341339850883403
0.9868260440908453,0.0343246777424651
0.9867077386264307,0.0345153703965899
0.9865500008872113,0.0347060630507147
0.9864711306748102,0.0348967557048395
0.9862739570149262,0.0350874483589643
0.9861556495832459,0.0352781410130891
0.9859584585987046,0.0354688336672139
0.9858795870550571,0.0356595263213387
0.9857218444479503,0.0358502189754635
0.9856429709258222,0.0360409116295883
0.9854457873915012,0.0362316042837132
0.9853669188922067,0.036422296937838
0.985209180208289,0.0366129895919628
0.985130309780681,0.0368036822460876
0.9849331359357447,0.0369943749002124
0.9848542657081726,0.0371850675543372
0.9847359622271366,0.037375760208462
0.9845782195072488,0.0375664528625868
0.9843810423164465,0.0377571455167116
0.9843416073041701,0.0379478381708364
0.9841049978448642,0.0381385308249612
0.9839866932274047,0.038329223479086
0.9837895168153638,0.0385199161332108
0.9837106469042399,0.0387106087873356
0.983513474464492,0.0389013014414604
0.9833951697432907,0.0390919940955852
0.9831979932036337,0.03928268674971
0.9831191229127656,0.0394733794038349
0.9829613792351825,0.0396640720579597
0.9828036399981996,0.0398547647120845
0.9826459024299934,0.0400454573662093
0.9825275963355006,0.0402361500203341
0.982369858087059,0.0404268426744589
0.9822515532540056,0.0406175353285837
0.9820543714257159,0.0408082279827085
0.981896631295083,0.0409989206368333
0.9816600164656585,0.0411896132909581
0.9815417124209332,0.0413803059450829
0.98138397476794,0.0415709985992077
0.9812262354532142,0.0417616912533325
0.9810290633356035,0.0419523839074573
0.9808713199360054,0.0421430765615821
0.9807135797981454,0.0423337692157069
0.9805558376843457,0.0425244618698318
0.9803980972680606,0.0427151545239566
0.980240358679198,0.0429058471780814
0.9800431836211234,0.0430965398322062
0.9798854411952568,0.043287232486331
0.9796882675202296,0.0434779251404558
0.979569962464735,0.0436686177945806
0.9793333513426268,0.0438593104487054
0.9791756109034566,0.0440500031028302
0.9789784370265834,0.044240695756955
0.9787812628487471,0.0444313884110798
0.9785840880862327,0.0446220810652046
0.9784263498011891,0.0448127737193294
0.9781897403591192,0.0450034663734542
0.9780714351217398,0.045194159027579
0.9778348273963804,0.0453848516817038
0.9776770860280399,0.0455755443358287
0.9774799120715858,0.0457662369899535
0.9772827371936542,0.0459569296440783
0.9770855617834056,0.0461476222982031
0.9769672589961438,0.0463383149523279
0.9767306504791021,0.0465290076064527
0.9765729149872724,0.0467197002605775
0.9762574385053695,0.0469103929147023
0.9761391320278006,0.0471010855688271
0.97582365345003,0.0472917782229519
0.9756659128442597,0.0474824708770767
0.9754293011215441,0.0476731635312015
0.9752715597732087,0.0478638561853263
0.9749955150865343,0.0480545488394511
0.9747983405376138,0.0482452414935759
0.9744434232711336,0.0484359341477007
0.9743645492311035,0.0486266268018255
0.9741279352437283,0.0488173194559504
0.9739701933772288,0.0490080121100752
0.973694151281061,0.0491987047642
0.9735364108617889,0.0493893974183248
0.9732209315434391,0.0495800900724496
0.9730237577959299,0.0497707827265744
0.9727082708594798,0.0499614753806992
0.972550531633319,0.050152168034824
0.9721956181562599,0.0503428606889488
0.9719984433264864,0.0505335533430736
0.971722398465151,0.0507242459971984
0.9714463560708032,0.0509149386513232
0.9712097460837542,0.051105631305448
0.9710125726707072,0.0512963239595728
0.9706576628863312,0.0514870166136976
0.9704999218395988,0.0516777092678224
0.9702238776241335,0.0518684019219472
0.9699872705304163,0.0520590945760721
0.9696323556845029,0.0522497872301969
0.9694351807291973,0.0524404798843217
0.9691591349261606,0.0526311725384465
0.968922526629699,0.0528218651925713
0.9685676114321745,0.0530125578466961
0.9683310028586518,0.0532032505008209
0.9678577840815382,0.0533939431549457
0.9676211784118964,0.0535846358090705
0.9673056968272069,0.0537753284631953
0.9670690851695034,0.0539660211173201
0.9665958693216936,0.0541567137714449
0.9664381290139424,0.0543474064255697
0.9660437815883952,0.0545380990796945
0.9658466037944758,0.0547287917338193
0.9654916899880897,0.0549194843879441
0.9652550783962252,0.0551101770420689
0.9648212928924175,0.0553008696961938
0.9645846816686551,0.0554915623503186
0.9640720264231375,0.0556822550044434
0.9639142809225228,0.0558729476585682
0.9634410665617564,0.056063640312693
0.963204458394362,0.0562543329668178
0.9626523746944097,0.0564450256209426
0.9624157674944056,0.0566357182750674
0.9618242491840349,0.0568264109291922
0.9616665121865208,0.057017103583317
0.9611538653755947,0.0572077962374418
0.9608778211747844,0.0573984888915666
0.9603651656003938,0.0575891815456914
0.9600496909554362,0.0577798741998162
0.9596947757143316,0.057970566853941
0.9593398674930621,0.0581612595080658
0.9587877874832991,0.0583519521621907
0.9585117473142899,0.0585426448163155
0.9579991021285573,0.0587333374704403
0.9576441928895295,0.0589240301245651
0.9571315456872262,0.0591147227786899
0.9568555051275319,0.0593054154328147
0.9561062472390605,0.0594961080869395
0.9556724690451329,0.0596868007410643
0.9551598201000602,0.0598774933951891
0.9547654717885288,0.0600681860493139
0.9540950749234857,0.0602588787034387
0.9537795785523018,0.0604495713575635
0.9531091889099927,0.0606402640116883
0.9527542793294208,0.0608309566658131
0.9521627524446487,0.0610216493199379
0.9518867127419647,0.0612123419740627
0.9512163201010508,0.0614030346281876
0.9508219671995739,0.0615937272823124
0.9501121440813238,0.0617844199364372
0.949717797793647,0.061975112590562
0.9489685407460037,0.0621658052446868
0.9486136269623945,0.0623564978988116
0.9477066324310021,0.0625471905529364
0.9471151039416624,0.0627378832070612
0.9463658372190533,0.062928575861186
0.9458137513963766,0.0631192685153108
0.945025056539514,0.0633099611694356
0.9445912723537256,0.0635006538235604
0.9437237090774465,0.0636913464776852
0.943132187535134,0.06388203913181
0.9423829229617136,0.0640727317859348
0.9418308362970425,0.0642634244400596
0.9408055351674359,0.0644541170941844
0.9402928898076484,0.0646448097483093
0.9395042008514944,0.0648355024024341
0.9387943818709806,0.0650261950565589
0.9378085213230734,0.0652168877106837
0.9371381350001324,0.0654075803648085
0.935915667645943,0.0655982730189333
0.9351269795791425,0.0657889656730581
0.9341016840390417,0.0659796583271829
0.9334707347755987,0.0661703509813077
0.9322088300695032,0.0663610436354325
0.9313807044759663,0.0665517362895573
0.9301582377128831,0.0667424289436821
0.9294089828450406,0.0669331215978069
0.9283442558568883,0.0671238142519317
0.9277527344692998,0.0673145069060565
0.9263330928818972,0.0675051995601813
0.9253472326975769,0.0676958922143061
0.9241247641381702,0.067886584868431
0.92321777379601,0.0680772775225558
0.9215615190989304,0.0682679701766806
0.920733388364003,0.0684586628308054
0.9187616589673699,0.0686493554849302
0.9178152269519672,0.068840048139055
0.915961773740352,0.0690307407931798
0.9148970151946874,0.0692214334473046
0.9131224579959,0.0694121261014294
0.9118605445618798,0.0696028187555542
0.909928253053244,0.069793511409679
0.908429743616225,0.0699842040638038
0.9070495325629935,0.0701748967179286
0.905748168067619,0.0703655893720534
0.9035792057232721,0.0705562820261782
0.9020411884387979,0.0707469746803031
0.9000299397950142,0.0709376673344279
0.8983341897098391,0.0711283599885527
0.895258176452666,0.0713190526426775
0.8943511517111274,0.0715097452968023
0.8908807818434803,0.0717004379509271
0.889421677936415,0.0718911306050519
0.8860696769913394,0.0720818232591767
0.8842555999300273,0.0722725159133015
0.8811401357623629,0.0724632085674263
0.8793260933185502,0.0726539012215511
0.8755796016311456,0.0728445938756759
0.873765543454678,0.0730352865298007
0.8699008429750626,0.0732259791839255
0.8676924924730341,0.0734166718380503
0.8643799691276077,0.0736073644921751
0.8615406260434025,0.0737980571462999
0.8577154529280852,0.0739887498004247
0.854757743036347,0.0741794424545496
0.8500255068431967,0.0743701351086744
0.847304438561387,0.0745608277627992
0.8407972352822703,0.074751520416924
0.8376028974062499,0.0749422130710488
0.8316875428152372,0.0751329057251736
0.8278226846571868,0.0753235983792984
0.8222225749656211,0.0755142910334232
0.8183577088084832,0.075704983687548
0.8124816174223499,0.0758956763416728
0.8091295845823179,0.0760863689957976
0.8021491788802774,0.0762770616499224
0.7990336009016831,0.0764677543040472
0.791737592594401,0.076658446958172
0.7858612056990517,0.0768491396122968
0.7793932584108614,0.0770398322664217
0.7739115627064416,0.0772305249205465
0.7649201122815631,0.0774212175746713
0.7604639729172626,0.0776119102287961
0.749382718328193,0.0778026028829209
0.7432306792001121,0.0779932955370457
0.7321882203640598,0.0781839881911705
0.7266279123179027,0.0783746808452953
0.7159804651690703,0.0785653734994201
0.7087243749055775,0.0787560661535449
0.6949221158638812,0.0789467588076697
0.6862069861858733,0.0791374514617945
0.6709454974346653,0.0793281441159193
0.663491872654151,0.0795188367700441
0.6449963454561879,0.0797095294241689
0.6257118476857504,0.0799002220782937
0.5693563665480286,0.0800909147324185
0.5673845954750661,0.0802816073865434
0.565491715753729,0.0804723000406682
0.5647030185549337,0.080662992694793
0.5634016630394159,0.0808536853489178
0.5627312717044815,0.0810443780030426
0.5619031429676576,0.0812350706571674
0.5613510490329775,0.0814257633112922
0.5606017915604301,0.081616455965417
0.5603257474272698,0.0818071486195418
0.5595764911797808,0.0819978412736666
0.5592215816058489,0.0821885339277914
0.5587878031422383,0.0823792265819162
0.558354022166686,0.082569919236041
0.5578808011325675,0.0827606118901658
0.5575258885908578,0.0829513045442906
0.5570921002139173,0.0831419971984154
0.5568160534912941,0.0833326898525402
0.5562639538547662,0.0835233825066651
0.5559879063090539,0.0837140751607899
0.5554752536570601,0.0839047678149147
0.5551597701295471,0.0840954604690395
0.554725986944029,0.0842861531231643
0.5545288141960121,0.0844768457772891
0.554055600324042,0.0846675384314139
0.5538584281302422,0.0848582310855387
0.5533852123928265,0.0850489237396635
0.5531880382501323,0.0852396163937883
0.5528725558168924,0.0854303090479131
0.5527148112673091,0.0856210017020379
0.5523204505175399,0.0858116943561627
0.5521232738186168,0.0860023870102875
0.5517289148072061,0.0861930796644123
0.5515317407146878,0.0863837723185372
0.5511768258557884,0.086574464972662
0.5509402152226162,0.0867651576267868
0.5505458663441024,0.0869558502809116
0.5502303867111484,0.0871465429350364
0.5499937768745965,0.0873372355891612
0.5496782759233473,0.087527928243286
0.5494022230824193,0.0877186208974108
0.5492050465813983,0.0879093135515356
0.5488501241102656,0.0881000062056604
0.5485740663230653,0.0882906988597852
0.5482980099690913,0.08848139151391
0.5480219546426388,0.0886720841680348
0.5477459036774135,0.0888627768221596
0.5475487285204979,0.0890534694762844
0.5472726794020571,0.0892441621304092
0.5469966218092629,0.089434854784534
0.5466417028400331,0.0896255474386588
0.5464839607019856,0.0898162400927837
0.5460896012484486,0.0900069327469085
0.5458135465414022,0.0901976254010333
0.5454980494929541,0.0903883180551581
0.5452219907321745,0.0905790107092829
0.5449064993614451,0.0907697033634077
0.5446698786451658,0.0909603960175325
0.5442755270561213,0.0911510886716573
0.5441177849398418,0.0913417813257821
0.543762852407553,0.0915324739799069
0.5436445419019328,0.0917231666340317
0.54325016590701,0.0919138592881565
0.5429346645974267,0.0921045519422813
0.5426586104285863,0.0922952445964061
0.5424219974940934,0.0924859372505309
0.5420276431727461,0.0926766299046557
0.5417910317247676,0.0928673225587806
0.5413177818233177,0.0930580152129054
0.5410811619733668,0.0932487078670302
0.5406867915664146,0.093439400521155
0.5404501721132148,0.0936300931752798
0.5400558145066805,0.0938207858294046
0.5397797710227183,0.0940114784835294
0.5394248525791758,0.0942021711376542
0.5391488024315227,0.094392863791779
0.5387544346798955,0.0945835564459038
0.5385178272544782,0.0947742491000286
0.5381234807265701,0.0949649417541534
0.5378079972765292,0.0951556344082782
0.5374136423194456,0.095346327062403
0.5371375983165804,0.0955370197165278
0.5366249373978921,0.0957277123706526
0.5363488883072564,0.0959184050247774
0.535757360758457,0.0961090976789023
0.5355207382637512,0.0962997903330271
0.5350475071299818,0.0964904829871519
0.5347320097761046,0.0966811756412767
0.5342193391246394,0.0968718682954015
0.5339432891208344,0.0970625609495263
0.5333911976026949,0.0972532536036511
0.5330362813014909,0.0974439462577759
0.5326419325595213,0.0976346389119007
0.5322870154137591,0.0978253315660255
0.5318137877129409,0.0980160242201503
0.5314982993708223,0.0982067168742751
0.5309067580867538,0.0983974095283999
0.5305518332459174,0.0985881021825247
0.5299208541560265,0.0987787948366495
0.5296448029359393,0.0989694874907743
0.5288560908917226,0.0991601801448991
0.5285405982503667,0.099350872799024
0.5278702005514444,0.0995415654531488
0.5273181187619057,0.0997322581072736
0.5268054712903844,0.0999229507613984
0.5263716853187796,0.100113643415523
0.5256224082583624,0.100304336069648
0.5252674858167117,0.100495028723773
0.5246364886814625,0.100685721377898
0.5242421071550751,0.100876414032022
0.523413910003915,0.101067106686147
0.522940669975437,0.101257799340272
0.522309706608482,0.101448491994397
0.5218759291907127,0.101639184648522
0.5210083436843629,0.101829877302646
0.5203773902032027,0.102020569956771
0.5193520365951527,0.102211262610896
0.5188788133610036,0.102401955265021
0.5179718048885441,0.102592647919146
0.5174197108873938,0.10278334057327
0.5165127050413499,0.102974033227395
0.5159211626548472,0.10316472588152
0.5148958404694204,0.103355418535645
0.5143437294238672,0.10354611118977
0.5133578423893889,0.103736803843894
0.5127663047887796,0.103927496498019
0.5116226718697847,0.104118189152144
0.5110705842981133,0.104308881806269
0.5099663980809883,0.104499574460394
0.5090988238303831,0.104690267114519
0.5079157482337833,0.104880959768643
0.507008737669743,0.105071652422768
0.5056679470720367,0.105262345076893
0.5046820710907347,0.105453037731018
0.5034201443402926,0.105643730385143
0.5024736749412527,0.105834423039267
0.5010934165285001,0.106025115693392
0.5000680629257401,0.106215808347517
0.49853007945375993,0.106406501001642
0.49734697981486103,0.106597193655767
0.49612449262640773,0.106787886309891
0.4948625714212232,0.106978578964016
0.4933640113246451,0.107169271618141
0.4919049038974687,0.107359964272266
0.4903669430474053,0.107550656926391
0.48882898568571187,0.107741349580515
0.48681782424091213,0.10793204223464
0.48551646837032925,0.108122734888765
0.482558862010818,0.10831342754289
0.48106033355038325,0.108504120197015
0.47861538569661655,0.108694812851139
0.4769591364505215,0.108885505505264
0.47459307396097544,0.109076198159389
0.47297622683379614,0.109266890813514
0.4699396082375505,0.109457583467639
0.4681255323294317,0.109648276121763
0.46548320669067517,0.109838968775888
0.4639846071667823,0.110029661430013
0.460317083574415,0.110220354084138
0.4581481081749242,0.110411046738263
0.45479602358685073,0.110601739392388
0.4530214651324859,0.110792432046512
0.4488411610650977,0.110983124700637
0.4461199601218006,0.111173817354762
0.44134810001337255,0.111364510008887
0.43831144334088656,0.111555202663012
0.43369730857705124,0.111745895317136
0.43089736330867145,0.111936587971261
0.42588895674119737,0.112127280625386
0.42253690061748533,0.112317973279511
0.41748910708218795,0.112508665933636
0.41346675869214194,0.11269935858776
0.4083401391208076,0.112890051241885
0.4055401262025287,0.11308074389601
0.399151514968746,0.113271436550135
0.39485295729832354,0.11346212920426
0.3889771358331394,0.113652821858384
0.38396873993390546,0.113843514512509
0.37761940553378615,0.114034207166634
0.3730446390581124,0.114224899820759
0.3631850305442599,0.114415592474884
0.3584523686967199,0.114606285129008
0.35028848970501936,0.114796977783133
0.34531934773041995,0.114987670437258
0.3365243444012524,0.115178363091383
0.3315155525612847,0.115369055745508
0.3222472457429522,0.115559748399632
0.3168045201116156,0.115750441053757
0.30785161553426604,0.115941133707882
0.3031189643680163,0.116131826362007
0.2936534789738282,0.116322519016132
0.2867515953320792,0.116513211670257
0.2766157726043627,0.116703904324381
0.27042383906891354,0.116894596978506
0.26506006066517696,0.117085289632631
0.2632458404467052,0.117275982286756
0.2609189234242274,0.117466674940881
0.25945969123533497,0.117657367595005
0.25800045638387664,0.11784806024913
0.2569750398553359,0.118038752903255
0.2555946693903579,0.11822944555738
0.2548847637604823,0.118420138211505
0.2536227319138869,0.118610830865629
0.25299170858685,0.118801523519754
0.2519268477255799,0.118992216173879
0.25133528833451907,0.119182908828004
0.25027045765291595,0.119373601482129
0.2494027903220839,0.119564294136253
0.24853512578317669,0.119754986790378
0.24778578172568458,0.119945679444503
0.24652372927794702,0.120136372098628
0.24601101952841017,0.120327064752753
0.24459124514456698,0.120517757406877
0.24372356709888174,0.120708450061002
0.24277701426750206,0.120899142715127
0.2418304548149804,0.121089835369252
0.24084448919767182,0.121280528023377
0.24021347276231395,0.121471220677501
0.23899082511228692,0.121661913331626
0.23820204047672566,0.121852605985751
0.2370583081049311,0.122043298639876
0.23638783516764633,0.122233991294001
0.23548072336027792,0.122424683948125
0.2345342429997258,0.12261537660225
0.23343001998036692,0.122806069256375
0.23275956564380967,0.1229967619105
0.23145810996240507,0.123187454564625
0.23062991122934048,0.12337814721875
0.22932846920159797,0.123568839872874
0.22869746266280205,0.123759532526999
0.22751433011649735,0.123950225181124
0.22688331397891157,0.124140917835249
0.2258579812367127,0.124331610489374
0.22522702369738234,0.124522303143498
0.22435940757766853,0.124712995797623
0.22380727983078622,0.124903688451748
0.22305797462415167,0.125094381105873
0.2225847562291321,0.125285073759998
0.22187492430932043,0.125475766414122
0.2213622680816295,0.125666459068247
0.22069186840436156,0.125857151722372
0.22033695531568756,0.126047844376497
0.21974541340530798,0.126238537030622
0.2193510575483752,0.126429229684746
0.2186017638920991,0.126619922338871
0.21832570547771157,0.126810614992996
0.21765526065788518,0.127001307647121
0.21737921057669513,0.127192000301246
0.2169454014709584,0.12738269295537
0.21659048071920414,0.127573385609495
0.21607780173361846,0.12776407826362
0.21572286017056,0.127954770917745
0.21532848698921306,0.12814546357187
0.21509187305582786,0.128336156225994
0.2146580705715691,0.128526848880119
0.21430313121368932,0.128717541534244
0.213869326849167,0.128908234188369
0.21359327634932984,0.129098926842494
0.21308061829105737,0.129289619496619
0.21280455655230188,0.129480312150743
0.21233130542723452,0.129671004804868
0.2120158183657324,0.129861697458993
0.21158202883559252,0.130052390113118
0.21126654377738,0.130243082767243
0.21087219797840417,0.130433775421367
0.21059615662915573,0.130624468075492
0.21016237663997167,0.130815160729617
0.20992577043438476,0.131005853383742
0.20949198932207735,0.131196546037867
0.20925537880244022,0.131387238691991
0.20878216209329112,0.131577931346116
0.20854555172169098,0.131768624000241
0.2081906402464375,0.131959316654366
0.20791459941960522,0.132150009308491
0.2073625143133116,0.132340701962615
0.20716534259412203,0.13253139461674
0.20661325275766804,0.132722087270865
0.20637663919555996,0.13291277992499
0.20590340670215118,0.133103472579115
0.20562735710394825,0.133294165233239
0.20527242064406234,0.133484857887364
0.2049963474424824,0.133675550541489
0.20464140257336902,0.133866243195614
0.2042864732279782,0.134056935849739
0.20393155185613576,0.134247628503863
0.2036949371217733,0.134438321157988
0.20330058270523996,0.134629013812113
0.20302453577257984,0.134819706466238
0.2026696193993269,0.135010399120363
0.20243300162657557,0.135201091774487
0.20195978220173869,0.135391784428612
0.2016443041080402,0.135582477082737
0.2012105185913285,0.135773169736862
0.20097390450028227,0.135963862390987
0.20046124050118602,0.136154555045112
0.2001851951633784,0.136345247699236
0.19979083954423868,0.136535940353361
0.19947536154440623,0.136726633007486
0.19900214204944333,0.136917325661611
0.19880496313706966,0.137108018315736
0.19841059897048338,0.13729871096986
0.198134541038035,0.137489403623985
0.19774017129308707,0.13768009627811
0.19746411783979104,0.137870788932235
0.19710920745989888,0.13806148158636
0.1967542960470614,0.138252174240484
0.1962022052767861,0.138442866894609
0.19600503310926343,0.138633559548734
0.19549238491217788,0.138824252202859
0.19513746425441367,0.139014944856984
0.19474309550607105,0.139205637511108
0.1943881731001053,0.139396330165233
0.1939938171582215,0.139587022819358
0.1936388942271356,0.139777715473483
0.1931656684114808,0.139968408127608
0.19285018943313909,0.140159100781732
0.1925347076749745,0.140349793435857
0.19225866662868313,0.140540486089982
0.1917460170388672,0.140731178744107
0.19146997206521868,0.140921871398232
0.1910361853021916,0.141112564052356
0.1906812311834764,0.141303256706481
0.19012912087423733,0.141493949360606
0.1898924992048178,0.141684642014731
0.1893009545645414,0.141875334668856
0.1889065879424994,0.142066027322981
0.18847278587783478,0.142256719977105
0.18811783489699255,0.14244741263123
0.187605163099963,0.142638105285355
0.18728965693542918,0.14282879793948
0.18677694807038958,0.143019490593605
0.1865008836818323,0.143210183247729
0.18598817896101294,0.143400875901854
0.1857121205578204,0.143591568555979
0.1852782983964118,0.143782261210104
0.18484449014282034,0.143972953864229
0.18441065604168516,0.144163646518353
0.18413459655713135,0.144354339172478
0.1836613581312018,0.144545031826603
0.18330642461829375,0.144735724480728
0.18263600440649067,0.144926417134853
0.18228108240711305,0.145117109788977
0.18180784567058603,0.145307802443102
0.18153179381798243,0.145498495097227
0.18105856469705267,0.145689187751352
0.18070362417059652,0.145879880405477
0.1802698297567282,0.146070573059601
0.17987546301586915,0.146261265713726
0.17952053537697385,0.146451958367851
0.17924449139998064,0.146642651021976
0.17881066471694068,0.146833343676101
0.17853459820831175,0.147024036330225
0.17806136163845676,0.14721472898435
0.1777853121594579,0.147405421638475
0.17739093666704128,0.1475961142926
0.17703599151340876,0.147786806946725
0.17660217950269716,0.147977499600849
0.17628667843661588,0.148168192254974
0.17589230660247832,0.148358884909099
0.17557679832887585,0.148549577563224
0.17514298718235155,0.148740270217349
0.17498522980684536,0.148930962871474
0.17463028327123345,0.149121655525598
0.17431477284077235,0.149312348179723
0.1739992555880952,0.149503040833848
0.1737626271375017,0.149693733487973
0.1733682457084483,0.149884426142098
0.17305274993241956,0.150075118796222
0.17285555885308926,0.150265811450347
0.17246118615703948,0.150456504104472
0.17210626479707103,0.150647196758597
0.17186964997733858,0.150837889412722
0.17143585123735394,0.151028582066846
0.17119923962436542,0.151219274720971
0.17084432225853619,0.151409967375096
0.17052883425025575,0.151600660029221
0.1702527820713151,0.151791352683346
0.17001616761066676,0.15198204533747
0.16966124641209238,0.152172737991595
0.1693457602878475,0.15236343064572
0.16903025635664734,0.152554123299845
0.1688330722583991,0.15274481595397
0.16855700751926972,0.152935508608094
0.16828094869023208,0.153126201262219
0.16796547181936097,0.153316893916344
0.1676894090061681,0.153507586570469
0.1673739095281413,0.153698279224594
0.16709785801008084,0.153888971878719
0.1667035070206375,0.154079664532843
0.16638802072430958,0.154270357186968
0.16611195763917969,0.154461049841093
0.16583590289531924,0.154651742495218
0.16555982865062702,0.154842435149343
0.16536264042702353,0.155033127803467
0.16492881958011732,0.155223820457592
0.16473162103054778,0.155414513111717
0.16445555152822197,0.155605205765842
0.16429779821886298,0.155795898419967
0.16386397812069903,0.155986591074091
0.1636667968876076,0.156177283728216
0.16335130689906663,0.156367976382341
0.16315412270733937,0.156558669036466
0.162799174685068,0.156749361690591
0.16260198480052404,0.156940054344715
0.16216818141206701,0.15713074699884
0.16197098937375842,0.157321439652965
0.16169492005417865,0.15751213230709
0.16141884423366595,0.157702824961215
0.16110332207057038,0.157893517615339
0.16090613554309943,0.158084210269464
0.16051175938962658,0.158274902923589
0.16035401054107196,0.158465595577714
0.16007795219232246,0.158656288231839
0.15992020879327942,0.158846980885963
0.1596047164153197,0.159037673540088
0.15936808154741228,0.159228366194213
0.15913145448769517,0.159419058848338
0.15885538767469515,0.159609751502463
0.15853988165002836,0.159800444156587
0.1583426890282966,0.159991136810712
0.1580271776055892,0.160181829464837
0.15779054706230006,0.160372522118962
0.15747505270168577,0.160563214773087
0.15727786860687754,0.160753907427212
0.15692293188715653,0.160944600081336
0.1567257463582859,0.161135292735461
0.15641024078620522,0.161325985389586
0.1562524885932016,0.161516678043711
0.15597642645554496,0.161707370697836
0.15573980949537186,0.16189806335196
0.1554637579651374,0.162088756006085
0.1552271369682741,0.16227944866021
0.15495107991969798,0.162470141314335
0.1547538724621998,0.16266083396846
0.15443836087143437,0.162851526622584
0.15424117964134898,0.163042219276709
0.15380737614359294,0.163232911930834
0.15364962934599488,0.163423604584959
0.15337357030758417,0.163614297239084
0.15313694397092228,0.163804989893208
0.15282146194582064,0.163995682547333
0.15262427831558656,0.164186375201458
0.15234822063893325,0.164377067855583
0.1521115940617463,0.164567760509708
0.1518355377089194,0.164758453163832
0.1516777881337045,0.164949145817957
0.15140172748983433,0.165139838472082
0.15120454569117678,0.165330531126207
0.15088905527059765,0.165521223780332
0.1506524321636457,0.165711916434456
0.15037637398021225,0.165902609088581
0.15021863561989574,0.166093301742706
0.14982426319097703,0.166283994396831
0.1496270861936789,0.166474687050956
0.14931159865798962,0.16666537970508
0.14907497231676772,0.166856072359205
0.14879891162365053,0.16704676501333
0.14864117098802132,0.167237457667455
0.14832569266769077,0.16742815032158
0.14804964486189542,0.167618842975705
0.14781302637803487,0.167809535629829
0.1476552855926696,0.168000228283954
0.147339793617972,0.168190920938079
0.14714260950342778,0.168381613592204
0.1468665615872594,0.168572306246329
0.14666938491543435,0.168762998900453
0.14631446565082054,0.168953691554578
0.14611729190455838,0.169144384208703
0.14576235383462802,0.169335076862828
0.14556516972923678,0.169525769516953
0.14524966519159943,0.169716462171077
0.1450919200794279,0.169907154825202
0.14481586667486587,0.170097847479327
0.14457924371183098,0.170288540133452
0.14426374898600156,0.170479232787577
0.14402712357010394,0.170669925441701
0.14379049382658804,0.170860618095826
0.1436327416652014,0.171051310749951
0.14331725031041198,0.171242003404076
0.1431595077474202,0.171432696058201
0.14288345285903875,0.171623388712325
0.14268627231777656,0.17181408136645
0.1423707891904236,0.172004774020575
0.1421341564194828,0.1721954666747
0.1418186620989605,0.172386159328825
0.1415820453699705,0.172576851982949
0.14130599627928472,0.172767544637074
0.14110881881140047,0.172958237291199
0.14083276305275874,0.173148929945324
0.14059613021210693,0.173339622599449
0.14028063600217963,0.173530315253574
0.14008345362335894,0.173721007907698
0.1398862615044393,0.173911700561823
0.13968907161018637,0.174102393215948
0.13941300544677154,0.174293085870073
0.13921581636588481,0.174483778524198
0.1388608882977794,0.174674471178322
0.13870313945981275,0.174865163832447
0.13838764371781503,0.175055856486572
0.1381904627315137,0.175246549140697
0.13787496912515462,0.175437241794822
0.13767777877934154,0.175627934448946
0.13732283327674194,0.175818627103071
0.13712563554326265,0.176009319757196
0.13681012649357097,0.176200012411321
0.13665236430214533,0.176390705065446
0.13629741881596275,0.17658139771957
0.13613966518371465,0.176772090373695
0.13590303529722572,0.17696278302782
0.13566641014320416,0.177153475681945
0.13542977095473147,0.17734416833607
0.13519313957704807,0.177534860990194
0.13495650014883628,0.177725553644319
0.1346804337390844,0.177916246298444
0.13444379635611123,0.178106938952569
0.13420716502195085,0.178297631606694
0.13381278499805385,0.178488324260818
0.1336550324856151,0.178679016914943
0.13333953313955033,0.178869709569068
0.13314234391401555,0.179060402223193
0.1328268372286176,0.179251094877318
0.13262964229188015,0.179441787531442
0.1322746866107725,0.179632480185567
0.13211693218603618,0.179823172839692
0.13184086569881426,0.180013865493817
0.13164367236948227,0.180204558147942
0.13136759875937123,0.180395250802067
0.13113096165737714,0.180585943456191
0.13085488480508914,0.180776636110316
0.13065768949195955,0.180967328764441
0.13030273763821407,0.181158021418566
0.13010554324532578,0.181348714072691
0.12967171139909028,0.181539406726815
0.12951395109073824,0.18173009938094
0.12923788512812145,0.181920792035065
0.12896181292495484,0.18211148468919
0.1286857464038239,0.182302177343315
0.12844910606032484,0.182492869997439
0.12813359373216718,0.182683562651564
0.12789697892050372,0.182874255305689
0.12766034560587877,0.183064947959814
0.12738428566620377,0.183255640613939
0.1271476587104707,0.183446333268063
0.12695046083715938,0.183637025922188
0.12659552108303448,0.183827718576313
0.1263983408753974,0.184018411230438
0.12600398304485302,0.184209103884563
0.12576736874645073,0.184399796538687
0.12541244424232836,0.184590489192812
0.12517583100082538,0.184781181846937
0.12486034070735727,0.184971874501062
0.12458428631256695,0.185162567155187
0.12430823569049572,0.185353259809311
0.12403218371393412,0.185543952463436
0.12363782297219988,0.185734645117561
0.12344064783298632,0.185925337771686
0.12312515315518392,0.186116030425811
0.12296740333686698,0.186306723079936
0.12261245532282761,0.18649741573406
0.12233638398898225,0.186688108388185
0.12198144150826552,0.18687880104231
0.12170537489187956,0.187069493696435
0.12138986568017783,0.18726018635056
0.12115324158265062,0.187450879004684
0.12064053577425993,0.187641571658809
0.12036447486746968,0.187832264312934
0.12008840563500893,0.188022956967059
0.11977289308263721,0.188213649621184
0.11941793738086856,0.188404342275308
0.1191418573232646,0.188595034929433
0.11870804724209859,0.188785727583558
0.11843199144368383,0.188976420237683
0.11811649189344497,0.189167112891808
0.11784043138651784,0.189357805545932
0.11740662753782669,0.189548498200057
0.11720944484321186,0.189739190854182
0.11681506505635296,0.189929883508307
0.11653899563459015,0.190120576162432
0.11610518599388228,0.190311268816556
0.11575024443010583,0.190501961470681
0.11523753301753449,0.190692654124806
0.11492202195038022,0.190883346778931
0.11444875121734607,0.191074039433056
0.11409380700113682,0.19126473208718
0.11365998571185748,0.191455424741305
0.11342334197464142,0.19164611739543
0.11291062635683281,0.191836810049555
0.11251623910012269,0.19202750270368
0.11212185390725318,0.192218195357805
0.11184578706355615,0.192408888011929
0.11141195520418365,0.192599580666054
0.11097815006952111,0.192790273320179
0.1105443399915861,0.192980965974304
0.11014999014832509,0.193171658628429
0.10963733595509277,0.193362351282553
0.10920352745727624,0.193553043936678
0.10849365278934887,0.193743736590803
0.10817815959067391,0.193934429244928
0.10750772015092509,0.194125121899053
0.10707391830126355,0.194315814553177
0.10664008767135141,0.194506507207302
0.1061274025662879,0.194697199861427
0.10553584463135954,0.194887892515552
0.10506259607278297,0.195078585169677
0.10411611023786523,0.195269277823801
0.10372172548920885,0.195459970477926
0.10340624413997841,0.195650663132051
0.10289355174891172,0.195841355786176
0.1023020141145954,0.196032048440301
0.10182879677191113,0.196222741094425
0.1010795208183263,0.19641343374855
0.10048798382787015,0.196604126402675
0.09973870539258467,0.1967948190568
0.09906831229552966,0.196985511710925
0.09824019147480019,0.197176204365049
0.09772754177751271,0.197366897019174
0.09689941421432062,0.197557589673299
0.09642620199192758,0.197748282327424
0.09547977103364307,0.197938974981549
0.09492767005739383,0.198129667635673
0.09417836039359787,0.198320360289798
0.0935079238103904,0.198511052943923
0.09248258314916617,0.198701745598048
0.09196989952295649,0.198892438252173
0.09090511137757792,0.199083130906298
0.09031358116085192,0.199273823560422
0.0891699424101076,0.199464516214547
0.08853894787709246,0.199655208868672
0.08723749695495837,0.199845901522797
0.08652760735898397,0.200036594176922
0.08538390874694016,0.200227286831046
0.0846740220407486,0.200417979485171
0.0836881127883711,0.200608672139296
0.08282048663707939,0.200799364793421
0.0815978781632031,0.200990057447546
0.08076969390752846,0.20118075010167
0.07990203926880647,0.201371442755795
0.07903437876300544,0.20156213540992
0.07800895901161338,0.201752828064045
0.0772201706626217,0.20194352071817
0.07619476296751901,0.202134213372294
0.07544541882681527,0.202324906026419
0.07422279905345794,0.202515598680544
0.07347346855825626,0.202706291334669
0.07240861625820232,0.202896983988794
0.07173816481991364,0.203087676642918
0.0707128073200286,0.203278369297043
0.06992407342731882,0.203469061951168
0.06925364628001698,0.203659754605293
0.06874095044755237,0.203850447259418
0.06807047456608102,0.204041139913542
0.06759721380230105,0.204231832567667
0.06712395004064857,0.204422525221792
0.0668084400107429,0.204613217875917
0.06621686534883704,0.204803910530042
0.06586191242453802,0.204994603184167
0.0655069578127593,0.205185295838291
0.06527033422762603,0.205375988492416
0.0648365432307097,0.205566681146541
0.06459991679589458,0.205757373800666
0.06420554360990023,0.205948066454791
0.06400835225670645,0.206138759108915
0.06373227092850592,0.20632945176304
0.06353508471411445,0.206520144417165
0.06333789978548927,0.20671083707129
0.06318015368827323,0.206901529725415
0.0629435150689511,0.207092222379539
0.0628251913071428,0.207282915033664
0.06258855278200609,0.207473607687789
0.062470240172881206,0.207664300341914
0.06231248598111897,0.207854992996039
0.062233615965050254,0.208045685650163
0.062036431879070826,0.208236378304288
0.0619181264747258,0.208427070958413
0.06179981565775705,0.208617763612538
0.06168149699805007,0.208808456266663
0.061484305458561525,0.208999148920787
0.061365985329814715,0.209189841574912
0.061247668472679075,0.209380534229037
0.06112935830533582,0.209571226883162
0.06101104460403562,0.209761919537287
0.06093216766586185,0.209952612191411
0.06077440880054611,0.210143304845536
0.06069553465750387,0.210333997499661
0.060616654534363455,0.210524690153786
0.060537778549297455,0.210715382807911
0.06041946064755951,0.210906075462035
0.060340578528896294,0.21109676811616
0.06026170063773014,0.211287460770285
0.06018281868986277,0.21147815342441
0.06002506967292217,0.211668846078535
0.05998563347205751,0.21185953873266
0.05982788203926499,0.212050231386784
0.05978844288250905,0.212240924040909
0.05967013294133407,0.212431616695034
0.05959125773280831,0.212622309349159
0.059512387926413154,0.212813002003284
0.05943351178698162,0.213003694657408
0.059354637255057956,0.213194387311533
0.05927576319571944,0.213385079965658
0.059196885238347166,0.213575772619783
0.0591180106644201,0.213766465273908
0.05903913369388051,0.213957157928032
0.05896026004396412,0.214147850582157
0.05892082092847859,0.214338543236282
0.05884194805506623,0.214529235890407
0.05876307016682537,0.214719928544532
0.05868419073511106,0.214910621198656
0.05860531364023233,0.215101313852781
0.058526442900042205,0.215292006506906
0.058447573319186916,0.215482699161031
0.05836869983863588,0.215673391815156
0.05828982477117346,0.21586408446928
0.058250389115478564,0.216054777123405
0.058171512603664814,0.21624546977753
0.05813207446928647,0.216436162431655
0.05805320298309542,0.21662685508578
0.057974326900279406,0.216817547739904
0.057895449927563326,0.217008240394029
0.05785601262773733,0.217198933048154
0.05777713791863092,0.217389625702279
0.05773769925781893,0.217580318356404
0.0576193851298246,0.217771011010529
0.05757994754435662,0.217961703664653
0.05750107387072052,0.218152396318778
0.057461637664304156,0.218343088972903
0.05734332038331439,0.218533781627028
0.05730388108534171,0.218724474281153
0.0572250006602893,0.218915166935277
0.05718555924251269,0.219105859589402
0.05710668522445108,0.219296552243527
0.05706724799933741,0.219487244897652
0.05698837134275562,0.219677937551777
0.05694893334080802,0.219868630205901
0.056870056741282655,0.220059322860026
0.05683061812672707,0.220250015514151
0.05675174273821996,0.220440708168276
0.056712303693100256,0.220631400822401
0.05663342933698284,0.220822093476525
0.05659399053836681,0.22101278613065
0.05647567116191682,0.221203478784775
0.056436230604657765,0.2213941714389
0.05635735276411682,0.221584864093025
0.05631791447169044,0.221775556747149
0.05623903721988177,0.221966249401274
0.056199597544215475,0.222156942055399
0.05612072443352494,0.222347634709524
0.05608128773063673,0.222538327363649
0.05600240785772728,0.222729020017773
0.055962971442699856,0.222919712671898
0.05588409648273207,0.223110405326023
0.05584465629970202,0.223301097980148
0.05580521793960782,0.223491790634273
0.055726345159997984,0.223682483288398
0.05568691006809745,0.223873175942522
0.055608030009833255,0.224063868596647
0.05552914897772676,0.224254561250772
0.05548971372261368,0.224445253904897
0.05541083255396185,0.224635946559022
0.05537139569341769,0.224826639213146
0.055292519797879025,0.225017331867271
0.055253084953535966,0.225208024521396
0.055213649894749646,0.225398717175521
0.05517421553870014,0.225589409829646
0.05509534213708511,0.22578010248377
0.05505590477034011,0.225970795137895
0.05497702998528717,0.22616148779202
0.05493759553779003,0.226352180446145
0.05489815668099238,0.22654287310027
0.05481928724082613,0.226733565754394
0.05477984835336708,0.226924258408519
0.054700973552512036,0.227114951062644
0.05466153419067643,0.227305643716769
0.05458265994658276,0.227496336370894
0.054543222335091575,0.227687029025018
0.05450378704597769,0.227877721679143
0.05442491279981432,0.228068414333268
0.05438547216727954,0.228259106987393
0.05430659276604613,0.228449799641518
0.054267155853230456,0.228640492295642
0.054227718906770174,0.228831184949767
0.05418827682463996,0.229021877603892
0.05410940176120095,0.229212570258017
0.05406996491280259,0.229403262912142
0.05399108739315444,0.229593955566266
0.05395164850142668,0.229784648220391
0.053872772518615594,0.229975340874516
0.05383333424621722,0.230166033528641
0.05375446084247909,0.230356726182766
0.05371502575773006,0.230547418836891
0.05363615148751708,0.230738111491015
0.05359671248169829,0.23092880414514
0.05355727744038267,0.231119496799265
0.05351783949732959,0.23131018945339
0.0534389655061334,0.231500882107515
0.053399529266056824,0.231691574761639
0.05336008497372905,0.231882267415764
0.05332064433486487,0.232072960069889
0.05324176332238778,0.232263652724014
0.053162890303536874,0.232645038032263
0.053123454491811925,0.232835730686388
0.05304458249968303,0.233026423340513
0.05300514382304683,0.233217115994638
0.05292627150675883,0.233407808648763
0.05288683665474327,0.233598501302887
0.05284740011342981,0.233789193957012
0.052807963705622886,0.233979886611137
0.05272909274752979,0.234170579265262
0.05268965608236289,0.234361271919387
0.052650217974520366,0.234551964573511
0.052571342689326284,0.234742657227636
0.052492465413541904,0.235124042535886
0.052453024585420165,0.235314735190011
0.05241358516481705,0.235505427844135
0.05233470587261297,0.23569612049826
0.05229526851009197,0.235886813152385
0.05221639345853835,0.23607750580651
0.05217695289652299,0.236268198460635
0.052137514555371696,0.23645889111476
0.05209807803535644,0.236649583768884
0.05201920308556946,0.236840276423009
0.05197976739135335,0.237030969077134
0.05194033076367406,0.237221661731259
0.05190089207570045,0.237412354385384
0.05182201633015664,0.237603047039508
0.051782574455315984,0.237793739693633
0.05174313266464686,0.237984432347758
0.05170369070926629,0.238175125001883
0.05162481433028628,0.238365817656008
0.05158537592011956,0.238556510310132
0.051545940023394694,0.238747202964257
0.05150650417834833,0.238937895618382
0.0514276307422892,0.239128588272507
0.05138819535276098,0.239319280926632
0.05134875357121696,0.239509973580756
0.051269873335858904,0.239700666234881
0.05123043604674212,0.239891358889006
0.05119099822263687,0.240082051543131
0.05111212314192115,0.240272744197256
0.05107268411037085,0.24046343685138
0.051033246818865965,0.240654129505505
0.050993804812051576,0.24084482215963
0.050954366884361696,0.241035514813755
0.050914930146739576,0.24122620746788
0.05083604672605608,0.241416900122004
0.05079660689279393,0.241607592776129
0.05075717155564163,0.241798285430254
0.050717734246730733,0.241988978084379
0.05067829971088957,0.242179670738504
0.05059942701430376,0.242370363392628
0.0505599918424355,0.242561056046753
0.0505205568762017,0.242751748700878
0.05048112087891311,0.242942441355003
0.05040224690493802,0.243133134009128
0.05036280991755042,0.243323826663253
0.05032336878824309,0.243514519317377
0.05024449419501861,0.243705211971502
0.05020505474790899,0.243895904625627
0.05016561868579287,0.244086597279752
0.0501261824505396,0.244277289933877
0.050086747598499334,0.244467982588001
0.05004730940292528,0.244658675242126
0.04996843610995669,0.244849367896251
0.04992899987416432,0.245040060550376
0.04988956524450733,0.245230753204501
0.04985012420174842,0.245421445858625
0.04977124455890344,0.24561213851275
0.049692362356501006,0.245993523821
0.04965292618068385,0.246184216475125
0.04961348739650182,0.246374909129249
0.049574051381372615,0.246565601783374
0.04949517078574275,0.246756294437499
0.0494557299378736,0.246946987091624
0.04941629309472635,0.247137679745749
0.049376856236474594,0.247328372399873
0.04933741653447539,0.247519065053998
0.0492979812496567,0.247709757708123
0.04921909991327232,0.247900450362248
0.049140219427854986,0.248281835670497
0.04910078024822164,0.248472528324622
0.04906134342447659,0.248663220978747
0.049021908976979355,0.248853913632872
0.04894302823416415,0.249044606286997
0.04890359121794204,0.249235298941122
0.04886414963745878,0.249425991595246
0.04882470658457408,0.249616684249371
0.048785267969933606,0.249807376903496
0.0487458313019197,0.249998069557621
0.048666953948794306,0.250188762211746
0.048588076251836206,0.250570147519995
0.04850919488301051,0.250951532828245
0.0484697571750948,0.25114222548237
0.04843032036385006,0.251332918136494
0.04839087738102118,0.251523610790619
0.04831200281135381,0.251714303444744
0.0482725654354657,0.251904996098869
0.04823312732050747,0.252095688752994
0.04819368984371033,0.252286381407118
0.048154252178375025,0.252477074061243
0.04811481435714589,0.252667766715368
0.04803594022088085,0.252858459369493
0.04799650193329776,0.253049152023618
0.04795706482200323,0.253239844677742
0.04791762080169014,0.253430537331867
0.04787817786464508,0.253621229985992
0.04783873890533869,0.253811922640117
0.04779930231420231,0.254002615294242
0.04775986418316598,0.254193307948366
0.04768099187254778,0.254384000602491
0.047602111730312556,0.254765385910741
0.04756267023197572,0.254956078564866
0.04752322757987114,0.25514677121899
0.04748378908168569,0.255337463873115
0.04740490567057959,0.25552815652724
0.04732602547972455,0.25590954183549
0.047286584384476034,0.256100234489615
0.047247146619247504,0.256290927143739
0.04716826911984586,0.256672312451989
0.04712883004959635,0.256863005106114
0.04708938882533929,0.257053697760239
0.04704995064063024,0.257244390414363
0.04701051559389643,0.257435083068488
0.04697107804390646,0.257625775722613
0.04689220085736852,0.257816468376738
0.046852765658494853,0.258007161030863
0.04681332964683884,0.258197853684987
0.04677389205726727,0.258388546339112
0.046734454072019475,0.258579238993237
0.046695015882888026,0.258769931647362
0.046655573877764735,0.258960624301487
0.04661613080196223,0.259151316955611
0.04657669084419145,0.259342009609736
0.04653724877349683,0.259532702263861
0.046458373646538,0.259723394917986
0.04637949401462513,0.260104780226235
0.04630061917134358,0.260486165534485
0.04622173901495045,0.260867550842735
0.04618229735254596,0.26105824349686
0.046142861295743236,0.261248936150984
0.046103421903088034,0.261439628805109
0.04606397986357833,0.261630321459234
0.04602454047297702,0.261821014113359
0.04594565984231925,0.262011706767484
0.045906223245085365,0.262202399421608
0.0458667833172143,0.262393092075733
0.045787902416769846,0.262774477383983
0.045748466860108174,0.263155862692232
0.04570902778005616,0.263346555346357
0.04563015450410578,0.263537248000482
0.04559071667028952,0.263727940654607
0.045551276147613076,0.263918633308732
0.045511835680052744,0.264109325962856
0.04543295875973038,0.264300018616981
0.045354073593320755,0.264681403925231
0.0452751930414498,0.26506278923348
0.04523575125185448,0.265253481887605
0.045196312378321425,0.26544417454173
0.04511743698160931,0.26582555984998
0.04507800173877613,0.266016252504104
0.045038562164210566,0.266206945158229
0.04499912389915069,0.266397637812354
0.044959683073357154,0.266588330466479
0.04492024698778652,0.266779023120604
0.044880804807514184,0.266969715774729
0.044841365785920184,0.267160408428853
0.04480192292590004,0.267351101082978
0.044762485411202986,0.267541793737103
0.04472304597274396,0.267732486391228
0.04468360619469604,0.267923179045353
0.04460472610709373,0.268113871699477
0.04456528386681957,0.268495257007727
0.04452584388443148,0.268685949661852
0.04448640367131052,0.268876642315977
0.044446960916289614,0.269067334970101
0.04436808470941536,0.269258027624226
0.044289205485151105,0.269639412932476
0.04421032491194195,0.270020798240725
0.044170886261596355,0.27021149089485
0.04413144742512081,0.270402183548975
0.04409200355651967,0.2705928762031
0.044052566487148545,0.270783568857225
0.044013128359825814,0.270974261511349
0.043973692284966684,0.271164954165474
0.043934254671200906,0.271355646819599
0.04389481618746947,0.271546339473724
0.04385538077212074,0.271737032127849
0.04381594172229343,0.271927724781973
0.04377650269220923,0.272118417436098
0.04373706163398952,0.272309110090223
0.043697623460865066,0.272499802744348
0.043658186369819336,0.272690495398473
0.0436187482050847,0.272881188052597
0.043579310674349836,0.273071880706722
0.04353987036917095,0.273262573360847
0.04350043264784164,0.273453266014972
0.0434609924987148,0.273643958669097
0.04342155294855725,0.273834651323221
0.04338211344889321,0.274025343977346
0.04334267552430443,0.274216036631471
0.04330323450084073,0.274406729285596
0.04326379654082935,0.274597421939721
0.04322435792991396,0.274788114593846
0.043184916687546905,0.27497880724797
0.04314547845836604,0.275169499902095
0.04310603815094806,0.27536019255622
0.043066599283227404,0.275550885210345
0.043027160986717515,0.27574157786447
0.042987722437222854,0.275932270518594
0.04294827911192028,0.276122963172719
0.04290884104308235,0.276313655826844
0.04286940277944598,0.276504348480969
0.04282996678530308,0.276695041135094
0.042790530965321934,0.276885733789218
0.0427510915182656,0.277076426443343
0.04271165203258126,0.277267119097468
0.04267221039402548,0.277457811751593
0.0426327727862726,0.277648504405718
0.04259333486995353,0.277839197059842
0.042553897280321655,0.278029889713967
0.042514455000643984,0.278220582368092
0.04247501833343649,0.278411275022217
0.04243557721563136,0.278601967676342
0.04239613554277617,0.278792660330466
0.042356694211639484,0.278983352984591
0.042317256571478494,0.279174045638716
0.042277821332856014,0.279364738292841
0.042238381280097805,0.279555430946966
0.04219894250111998,0.27974612360109
0.04215950450845129,0.279936816255215
0.04212006314871589,0.28012750890934
0.042080625010537054,0.280318201563465
0.042041186606528336,0.28050889421759
0.04200175102351816,0.280699586871715
0.04192287424335463,0.281080972179964
0.04188343447339141,0.281462357488214
0.04184399521272123,0.281653050142339
0.04176511803356418,0.281843742796463
0.041686239510301044,0.282225128104713
0.04160736076279473,0.282606513412963
0.04156791965825851,0.282987898721212
0.04152848311154255,0.283178591375337
0.04148904055315139,0.283369284029462
0.04144960068541344,0.283559976683587
0.0414101635610686,0.283750669337711
0.041370722873533404,0.283941361991836
0.041331286033222156,0.284132054645961
0.041291850551194706,0.284322747300086
0.041252414550488406,0.284513439954211
0.04121297613121888,0.284704132608335
0.041173537228592814,0.28489482526246
0.04109465598826526,0.28527621057071
0.04105521738212838,0.285466903224835
0.041015777149667726,0.28565759587896
0.040976340688448985,0.285848288533084
0.04093690574209179,0.286038981187209
0.04089746776598681,0.286229673841334
0.04085802799179528,0.286420366495459
0.04081859252516884,0.286611059149584
0.04077915365095608,0.286992444457833
0.04073971701833569,0.287183137111958
0.040700279062109504,0.287373829766083
0.0406608413502617,0.287564522420208
0.04062140318571895,0.287755215074332
0.040581960425157534,0.287945907728457
0.04054252255322537,0.288136600382582
0.04050308790744117,0.288327293036707
0.04046364835204592,0.288517985690832
0.04042421291487548,0.288708678344956
0.04038477119550338,0.288899370999081
0.040345328946522915,0.289090063653206
0.04030589317484548,0.289280756307331
0.040266449093489774,0.289471448961456
0.040227010436641286,0.289852834269705
0.04018757332843235,0.29004352692383
0.04014813308834149,0.290234219577955
0.04010869889514763,0.29042491223208
0.04006926129654884,0.290615604886204
0.04002981904404848,0.290806297540329
0.03999037842910231,0.290996990194454
0.03995093880820483,0.291187682848579
0.03991149810533103,0.291378375502704
0.03983262158124197,0.291759760810953
0.039793181240266484,0.292141146119203
0.039753746649137396,0.292331838773328
0.03967487060991759,0.292522531427452
0.03963543272150643,0.292903916735702
0.03959598963465852,0.293094609389827
0.039556550213741,0.293285302043952
0.03951710948097659,0.293475994698077
0.039477667724121375,0.293666687352201
0.03939878930447436,0.294048072660451
0.039359351449351,0.294429457968701
0.03931991350144143,0.294620150622825
0.039280469319183386,0.29481084327695
0.039241029902920166,0.295001535931075
0.03920158883772926,0.2951922285852
0.03916214980771876,0.295382921239325
0.03912271015709077,0.295573613893449
0.039083269414827156,0.295764306547574
0.039043828189585204,0.296145691855824
0.039004388215284215,0.296336384509949
0.03896495278792088,0.296527077164073
0.038925510989701755,0.296717769818198
0.03888607002347948,0.296908462472323
0.038846629529368036,0.297099155126448
0.03880718985901754,0.297289847780573
0.03876774919091535,0.297480540434697
0.03872830889203237,0.297671233088822
0.03868886340128005,0.297861925742947
0.03864942251839619,0.298052618397072
0.038609982972534033,0.298243311051197
0.03857054362085953,0.298624696359446
0.03853110196249165,0.298815389013571
0.038491661972248556,0.299006081667696
0.03845222506315768,0.299196774321821
0.03841278419964924,0.299387466975946
0.03837334396867007,0.29957815963007
0.03833390366167539,0.29995954493832
0.03829446597043499,0.300150237592445
0.03825502432786241,0.30034093024657
0.03821558204864823,0.300531622900694
0.03817614239937265,0.300722315554819
0.0381367001923286,0.300913008208944
0.03809725907691837,0.301103700863069
0.0380578204927009,0.301294393517194
0.03797893690366345,0.301675778825443
0.0379394923267941,0.302057164133693
0.037900050041268424,0.302247856787818
0.03786061141760304,0.302438549441942
0.03778173651585017,0.302819934750192
0.03774229820562358,0.303201320058442
0.037702863659478614,0.303392012712566
0.037663429287816394,0.303582705366691
0.037623987961531914,0.303773398020816
0.037584546347477835,0.303964090674941
0.03754510347546279,0.304154783329066
0.03750566437364067,0.30434547598319
0.037426788162829905,0.30472686129144
0.03738734746928631,0.30510824659969
0.03734791258662904,0.305298939253815
0.037308470829782725,0.305489631907939
0.03726903017893304,0.305871017216189
0.03722959071963491,0.306061709870314
0.03719015536454869,0.306252402524439
0.0371507193913649,0.306443095178563
0.03711128282629173,0.306633787832688
0.03707184455720856,0.306824480486813
0.03703240383123445,0.307015173140938
0.036992961718990726,0.307396558449187
0.036953523066517634,0.307587251103312
0.03691408788265028,0.307777943757437
0.03687465049355126,0.307968636411562
0.0368352116155091,0.308159329065687
0.036795770123454766,0.308540714373936
0.03675633058038391,0.308731407028061
0.036716888951458936,0.308922099682186
0.036677446998535555,0.309112792336311
0.03663800881904411,0.309303484990435
0.036559132686155876,0.309684870298685
0.036519694763897104,0.310066255606935
0.036480256074192696,0.310256948261059
0.0364408137108358,0.310447640915184
0.036361931383626325,0.310829026223434
0.03632249078629326,0.311210411531683
0.03628305315510397,0.311401104185808
0.036243614321881126,0.311591796839933
0.03620417782986037,0.311782489494058
0.036164733885257414,0.312163874802308
0.03612529487374401,0.312354567456432
0.036085856769651085,0.312545260110557
0.03604642071280607,0.312735952764682
0.036006982208008215,0.312926645418807
0.035967543106876596,0.313117338072932
0.03592810081120102,0.313498723381181
0.035888656821114535,0.313689416035306
0.035849217162874446,0.313880108689431
0.03580977565538341,0.314070801343556
0.0357703352614282,0.314452186651805
0.035730893397483754,0.31464287930593
0.035691456486568476,0.314833571960055
0.035652019214875694,0.31502426461418
0.03561257545361998,0.315405649922429
0.035573136916042025,0.315596342576554
0.03553369864356125,0.315787035230679
0.035494263591360424,0.315977727884804
0.03545482780392999,0.316168420538928
0.03541538966108605,0.316549805847178
0.03537595438763827,0.316740498501303
0.035336515814373,0.316931191155428
0.03529707858430023,0.317121883809552
0.03525763906466378,0.317312576463677
0.03521820080391241,0.317693961771927
0.035178765216620625,0.317884654426052
0.03513932603040638,0.318075347080176
0.035099886091394104,0.318456732388426
0.035060449895755845,0.318647425042551
0.03502101329132816,0.318838117696676
0.03498157838511428,0.319028810350801
0.034942143243290334,0.319219503004925
0.034902708469509006,0.319600888313175
0.03486327438685087,0.3197915809673
0.034823839707413255,0.319982273621425
0.03478440545472997,0.320172966275549
0.03474496975992117,0.320554351583799
0.03470553407343116,0.320745044237924
0.03466609697062933,0.320935736892049
0.0346266578755774,0.321126429546173
0.034587222828159785,0.321507814854423
0.03454778796477762,0.321698507508548
0.03450834968979964,0.321889200162673
0.034468913639539925,0.322079892816797
0.03442947244855548,0.322270585470922
0.03439003319912441,0.322651970779172
0.03435059454001912,0.322842663433297
0.034311154684621266,0.323033356087421
0.034271714848890626,0.323414741395671
0.034232276465067914,0.323605434049796
0.034192836754110806,0.323796126703921
0.034153396027036195,0.32417751201217
0.03411395793415347,0.324368204666295
0.03407451748646975,0.32455889732042
0.034035078790077146,0.324749589974545
0.03399563784536477,0.32494028262867
0.033956196925661805,0.325321667936919
0.03391675959494961,0.325512360591044
0.03387732218749558,0.325703053245169
0.03383788645721777,0.326084438553418
0.03379844708694526,0.326275131207543
0.0337590091881657,0.326465823861668
0.033719569813139484,0.326847209169918
0.03368012905958267,0.327037901824042
0.033640689675566965,0.327228594478167
0.03360124916789931,0.327609979786417
0.033561810567091545,0.327800672440542
0.03352237323645704,0.327991365094666
0.033482936693477176,0.328182057748791
0.03344350264148486,0.328372750402916
0.03340406490653034,0.328754135711166
0.03336462262240816,0.32894482836529
0.03332517899308169,0.329135521019415
0.033285736314550805,0.329516906327665
0.03324629701417192,0.32970759898179
0.03320685465469603,0.329898291635914
0.03316741660192711,0.330279676944164
0.03312797392461483,0.330470369598289
0.033088531380639774,0.330661062252414
0.0330096510719908,0.331042447560663
0.03297021089181945,0.331423832868913
0.03293077166647349,0.331614525523038
0.0328913286520162,0.331995910831287
0.03285188522034869,0.332186603485412
0.032812444261108416,0.332377296139537
0.032773005979818935,0.332758681447787
0.032733565964964934,0.332949374101911
0.03269412568767606,0.333140066756036
0.03265468254623993,0.333521452064286
0.032615239490006734,0.333712144718411
0.03257580086565725,0.333902837372535
0.032536360893666565,0.33409353002666
0.032496922294072986,0.33447491533491
0.03245748064501291,0.334665607989035
0.03241804049629157,0.334856300643159
0.032378599818752477,0.335237685951409
0.03233916067074084,0.335428378605534
0.032299721607970226,0.335809763913783
0.03226028234098615,0.336000456567908
0.03222083864821816,0.336191149222033
0.032181395921559657,0.336381841876158
0.032141954674293594,0.336763227184407
0.032102516349412295,0.336953919838532
0.032063076751029124,0.337144612492657
0.03202363546846125,0.337525997800907
0.0319841962717026,0.337716690455032
0.03194475686581208,0.337907383109156
0.031905321405423244,0.338288768417406
0.031865885065397934,0.338479461071531
0.03182644650344097,0.33886084637978
0.03178700580219127,0.339051539033905
0.03174756985067099,0.339432924342155
0.031708128289781326,0.33962361699628
0.031668691081416366,0.339814309650404
0.031629254858625604,0.340195694958654
0.031589818074914365,0.340386387612779
0.03155037568984076,0.340577080266904
0.03151093585046311,0.340958465575153
0.03147149841232089,0.341149158229278
0.031432058696986176,0.341339850883403
0.03139261745951602,0.341721236191652
0.03135317556002886,0.341911928845777
0.031313737737585716,0.342102621499902
0.03127429948465635,0.342484006808152
0.031234860843518054,0.342674699462276
0.031195424048919417,0.342865392116401
0.031155986031065213,0.343246777424651
0.03111654757824688,0.343437470078776
0.031077111243026877,0.343628162732901
0.031037675027625816,0.34400954804115
0.030998232958693205,0.344200240695275
0.030958793303293413,0.344581626003525
0.03091935265545103,0.344772318657649
0.030879915939325316,0.345153703965899
0.030840476531073097,0.345344396620024
0.03080104124707651,0.345725781928273
0.03076160707371265,0.345916474582398
0.03072217034006273,0.346107167236523
0.030682733209005292,0.346297859890648
0.030643294234639008,0.346679245198897
0.0306038548757174,0.346869937853022
0.030564415250983624,0.347251323161272
0.030524976139764393,0.347442015815397
0.03048553784086401,0.347823401123646
0.03044609795407165,0.348014093777771
0.030406654676660483,0.348204786431896
0.03036721318604965,0.348586171740146
0.03028833620373846,0.348967557048395
0.030248897312008596,0.349348942356645
0.030209458509923764,0.34953963501077
0.030170017350529627,0.349921020319019
0.030130579979050415,0.350111712973144
0.030091141303762118,0.350493098281394
0.030051701876930098,0.350683790935518
0.03001226095638063,0.351065176243768
0.029972825654501236,0.351255868897893
0.029933388185214096,0.351637254206142
0.029893946762912682,0.351827946860267
0.02985450616126441,0.352018639514392
0.029815069581458836,0.352400024822642
0.029775633293713747,0.352590717476766
0.029736194841492418,0.352972102785016
0.029696752720640495,0.353162795439141
0.029657312993007983,0.35354418074739
0.029617874061979306,0.353734873401515
0.029578431998398002,0.35392556605564
0.029538991484349755,0.35430695136389
0.029499556169462156,0.354688336672139
0.029460117643878903,0.354879029326264
0.029420677020542827,0.355069721980389
0.029381237292828016,0.355451107288638
0.02934179781914708,0.355641799942763
0.029302359015409344,0.355832492596888
0.029262918721260266,0.356213877905138
0.029223477190960814,0.356595263213387
0.029184038973329055,0.356785955867512
0.029144597262901552,0.357167341175762
0.029105158961688665,0.357358033829887
0.029065719267056964,0.357739419138136
0.029026279699204,0.357930111792261
0.028986842451631526,0.358120804446386
0.028947405465975032,0.358502189754635
0.02890796627972528,0.35869288240876
0.028868525364023418,0.35907426771701
0.02882908349405727,0.359264960371135
0.028789644356538833,0.359646345679384
0.028750201327818938,0.359837038333509
0.028710760568006723,0.360218423641759
0.02867132164846235,0.360409116295883
0.02863188242976199,0.360790501604133
0.02859244119289793,0.360981194258258
0.028553004740603693,0.361362579566507
0.02851356702115028,0.361553272220632
0.0284741297519859,0.361934657528882
0.028434690423398308,0.362125350183007
0.028395245984693996,0.362506735491256
0.028355805156995456,0.362697428145381
0.02831636614447096,0.363078813453631
0.028276924704195436,0.36346019876188
0.02823748498047073,0.363650891416005
0.028198044671110145,0.36384158407013
0.028158605419437974,0.36422296937838
0.028119164182660514,0.364604354686629
0.02807972582072391,0.364795047340754
0.02804028619367333,0.364985739994879
0.02800085026986915,0.365367125303128
0.02796141355186073,0.365557817957253
0.027921973115044213,0.365939203265503
0.02788253446292742,0.366129895919628
0.027843095539019046,0.366511281227877
0.027803654196453555,0.366892666536127
0.027764216894702865,0.367274051844376
0.02772477964291989,0.367464744498501
0.027685342465938338,0.367655437152626
0.02764590270921062,0.368036822460876
0.02760646409298644,0.368227515115001
0.027567023962740307,0.36860890042325
0.02752758471826184,0.368799593077375
0.027488146990743624,0.369180978385625
0.027448706940289017,0.369562363693874
0.027409267348204047,0.369753056347999
0.027369829069220367,0.370134441656249
0.027330392036848557,0.370325134310373
0.027290950414275185,0.370706519618623
0.027251512585331233,0.370897212272748
0.02721207505968008,0.371278597580997
0.027172637192963322,0.371469290235122
0.02713319957508964,0.371850675543372
0.02709376005105759,0.372041368197497
0.02705431989694045,0.372613446159871
0.027014880432634218,0.372804138813996
0.02697544155438926,0.372994831468121
0.026936002315636292,0.37337621677637
0.02689656795719398,0.37375760208462
0.02685713223406516,0.373948294738745
0.026817691854031555,0.374329680046994
0.02677825340728182,0.374520372701119
0.02673881205508323,0.374901758009369
0.026699375288982998,0.375283143317618
0.02665993503167093,0.375473835971743
0.02662049536932924,0.375664528625868
0.02658106118935548,0.376045913934118
0.02654161998833003,0.376427299242367
0.026502182292943623,0.376808684550617
0.026462740562931516,0.376999377204742
0.026423300637486446,0.377190069858866
0.02638386029852725,0.377571455167116
0.026344420648258066,0.377952840475366
0.026304978808345123,0.37814353312949
0.026265540272616367,0.37852491843774
0.026226101209876857,0.37890630374599
0.026186661082448822,0.379096996400114
0.026147219843953764,0.379478381708364
0.02610777990090919,0.379859767016614
0.026068342003940825,0.380050459670738
0.026028903593235002,0.380431844978988
0.025989467788360757,0.380622537633113
0.025950031740055043,0.381003922941363
0.02591059419198108,0.381385308249612
0.02587115477082306,0.381576000903737
0.025831715530508594,0.381957386211987
0.025792271288928137,0.382338771520236
0.02575283085090422,0.382529464174361
0.025713392658395562,0.382910849482611
0.02567395399270477,0.383101542136735
0.025634511739625103,0.383482927444985
0.025595072784838826,0.383864312753235
0.02555563396358828,0.384055005407359
0.02551619325863368,0.384436390715609
0.025476756738384423,0.384817776023859
0.02543732006617312,0.385199161332108
0.025397881870701466,0.385389853986233
0.02535844461827699,0.385771239294483
0.025319003896239485,0.385961931948607
0.025279565248562796,0.386343317256857
0.02524012867307252,0.386724702565107
0.025200692273190002,0.386915395219232
0.025161252058083842,0.387296780527481
0.02512181369964504,0.387678165835731
0.025082375159632082,0.38805955114398
0.025042939991395327,0.388250243798105
0.025003504002071027,0.388631629106355
0.02496406193575612,0.389013014414604
0.024924625002778544,0.389203707068729
0.0248851892106587,0.389585092376979
0.024845754505863984,0.389775785031104
0.02480631584492069,0.390157170339353
0.024727436845643904,0.390538555647603
0.024687997989514352,0.391301326264102
0.02464855859505024,0.391492018918227
0.02460912324068803,0.391873404226476
0.024569683866303125,0.392064096880601
0.024530248048284877,0.392445482188851
0.02449081210276179,0.3928268674971
0.024451372370277277,0.39320825280535
0.024411931135758718,0.3935896381136
0.024372490512179937,0.393971023421849
0.02433305223903736,0.394161716075974
0.0242936116685431,0.394543101384224
0.024254175589874274,0.394733794038349
0.024214735387212725,0.395115179346598
0.024175297050896126,0.395496564654848
0.02413585955572178,0.395877949963097
0.02409641887121858,0.396068642617222
0.024056974179268893,0.396450027925472
0.024017534991501843,0.396831413233721
0.023978097318378144,0.397212798541971
0.023938659487059196,0.397403491196096
0.023899218753610785,0.397784876504345
0.02385977592585385,0.398166261812595
0.023820333949854673,0.398547647120845
0.023780892495898247,0.398738339774969
0.02374145268519941,0.399119725083219
0.023702017000050504,0.399501110391469
0.023662579016364312,0.399882495699718
0.023623137585597195,0.400073188353843
0.02358369977049235,0.400645266316218
0.02354426368671962,0.400835958970342
0.02350482852081527,0.401217344278592
0.02346539098619741,0.401598729586842
0.023425955376816625,0.401789422240966
0.023386519883908476,0.402170807549216
0.02334707889359249,0.402552192857466
0.023307641255583596,0.402933578165715
0.023268204917736995,0.403314963473965
0.02322876678767196,0.403696348782214
0.023189329141036965,0.403887041436339
0.02314989110371816,0.404268426744589
0.023110451780145466,0.404649812052838
0.023071014796632174,0.405031197361088
0.02303157891483811,0.405412582669338
0.02299213918217529,0.405603275323463
0.022952697263422233,0.405984660631712
0.022913256597753038,0.406366045939962
0.022873815543730334,0.406747431248211
0.022834378713609084,0.407128816556461
0.02279494230279476,0.407319509210586
0.022755501887799845,0.407700894518835
0.022716066526054533,0.408082279827085
0.022676628088708503,0.408463665135335
0.0226371907300816,0.408845050443584
0.022597755996487973,0.409226435751834
0.022558313985191182,0.409607821060083
0.022518873058873817,0.409798513714208
0.022479434426310632,0.410179899022458
0.022439993705732325,0.410561284330707
0.022400552397546642,0.410942669638957
0.022361113402826847,0.411133362293082
0.02232167331413173,0.411514747601331
0.022282232285002732,0.412086825563706
0.022242790908505332,0.412277518217831
0.022203351800971004,0.41265890352608
0.02216391168064538,0.41304028883433
0.022124469943599866,0.41342167414258
0.022085028061403115,0.413803059450829
0.022045588781734037,0.414184444759079
0.022006151605151184,0.414375137413204
0.021966716704502207,0.414756522721453
0.021927276656415803,0.415137908029703
0.02188783941641363,0.415519293337952
0.021848404595072878,0.415900678646202
0.02180896688897067,0.416282063954452
0.02176952819977407,0.416663449262701
0.021730088974140804,0.417044834570951
0.021690650153166464,0.4174262198792
0.021651213547114884,0.41780760518745
0.021611775777811655,0.4181889904957
0.02157233396164082,0.418379683149824
0.021532891322573446,0.418761068458074
0.021493448710054975,0.419142453766324
0.021454011111202296,0.419523839074573
0.021414570953128455,0.419905224382823
0.021375129843760037,0.420286609691073
0.02133569080312273,0.420667994999322
0.02129625464241448,0.421049380307572
0.02125681697815968,0.421430765615821
0.021217379025934697,0.421812150924071
0.02117794048362274,0.422193536232321
0.021138502656585692,0.42257492154057
0.021099060636771902,0.42295630684882
0.02105962242380294,0.423337692157069
0.021020184107452048,0.423719077465319
0.020980744238921194,0.424100462773569
0.020941307129631964,0.424481848081818
0.020901864894637606,0.424863233390068
0.02086242625153902,0.425244618698318
0.020822989368823454,0.425626004006567
0.020783549408011873,0.426007389314817
0.02074411175961248,0.426198081968942
0.020704673118447692,0.426770159931316
0.020665238938473832,0.427151545239566
0.02062580233656605,0.427532930547815
0.020586362872126018,0.427914315856065
0.020546923492851112,0.428295701164314
0.02050748437089608,0.428677086472564
0.02046804673498589,0.429058471780814
0.020428610403653392,0.429439857089063
0.020389172479819816,0.429821242397313
0.02034973355057114,0.430202627705563
0.020310295791045915,0.430584013013812
0.020270851697152207,0.430965398322062
0.02023141194608319,0.431346783630311
0.020191973186237964,0.431728168938561
0.020152535716730226,0.432109554246811
0.020113094355669527,0.43249093955506
0.020073657742923242,0.43287232486331
0.020034222361829425,0.433253710171559
0.019994784618295503,0.433635095479809
0.01995534443784096,0.434016480788059
0.019915906916104203,0.434397866096308
0.019876471967356615,0.434779251404558
0.019837036325480922,0.435160636712807
0.019797597394527945,0.435542022021057
0.019758158717989846,0.435923407329307
0.019718716853633397,0.436495485291681
0.019679275837236405,0.436686177945806
0.01963983572724558,0.437067563254055
0.019600396214319332,0.43763964121643
0.019560961097193092,0.437830333870555
0.019521525268227244,0.438402411832929
0.019482089052868475,0.438783797141179
0.019442654696801065,0.439165182449428
0.019403219998560647,0.439546567757678
0.01936378454245161,0.439927953065928
0.01932434868517685,0.440500031028302
0.019284913214012205,0.440881416336552
0.01924547743928267,0.441262801644801
0.019206043033592843,0.441644186953051
0.019166607053204346,0.4420255722613
0.01912717222045709,0.44240695756955
0.01908773814862836,0.4427883428778
0.019048301186575675,0.443169728186049
0.019008866920672586,0.443551113494299
0.018969431897359876,0.443932498802549
0.018929996076897628,0.444313884110798
0.01889056050056875,0.444885962073173
0.018851126340424698,0.445076654727297
0.01881169129060768,0.445648732689672
0.018772254361776198,0.446030117997921
0.018732818892995353,0.446602195960296
0.018693384713021493,0.446983581268545
0.018653950383407288,0.447364966576795
0.01861451605140478,0.447746351885045
0.01857508185160112,0.448127737193294
0.01853564520006192,0.448509122501544
0.018496210096928686,0.448890507809793
0.018456773157165304,0.449462585772168
0.018417335223638424,0.449843971080418
0.01837789773258098,0.450225356388667
0.01833845981901761,0.450606741696917
0.0182990244627127,0.450988127005166
0.0182595881415792,0.451369512313416
0.018220148845932222,0.45194159027579
0.01818071284991112,0.45232297558404
0.01814127699849556,0.45270436089229
0.018101839244285836,0.453085746200539
0.01806240457295523,0.453657824162914
0.018022968453027293,0.454039209471163
0.017983534180514304,0.454420594779413
0.017944099428518774,0.454992672741787
0.017904663588917416,0.455374058050037
0.01786522847140798,0.455755443358286
0.01782579378771967,0.456136828666536
0.017786357107463863,0.456518213974786
0.017746920941228414,0.45709029193716
0.017707485290793412,0.45747167724541
0.0176680489111752,0.457853062553659
0.01762861245326026,0.458425140516034
0.017589175927312104,0.458806525824283
0.017549736519382984,0.459187911132533
0.017510300512637182,0.459569296440783
0.01747086310374406,0.459950681749032
0.01743142808045135,0.460522759711407
0.017391993818963863,0.461094837673781
0.01735255790722109,0.461476222982031
0.01731312255756628,0.46185760829028
0.017273686484950458,0.46223899359853
0.017234250135557152,0.462620378906779
0.017194813904329483,0.463001764215029
0.017155378194291363,0.463573842177404
0.01711594396804789,0.464145920139778
0.01707650825208377,0.464527305448028
0.017037071721802615,0.464908690756277
0.016997632944448983,0.465290076064527
0.01695819455249247,0.465862154026901
0.016918758985591798,0.466243539335151
0.016879322749451826,0.466815617297525
0.016839887916744668,0.467197002605775
0.016800452935051974,0.467578387914024
0.016761015903979264,0.468150465876399
0.01672157906076061,0.468531851184649
0.0166821403482343,0.469103929147023
0.016642701167259952,0.469485314455273
0.01660326496108629,0.469866699763522
0.01656382762549289,0.470248085071772
0.01652438821422427,0.470820163034146
0.01648494844700585,0.471392240996521
0.016445514384099424,0.47177362630477
0.016406076307029702,0.47215501161302
0.01636663919462147,0.472727089575394
0.01632720045746215,0.473108474883644
0.016287763978906408,0.473680552846018
0.016248326294841905,0.474061938154268
0.016208885915708203,0.474443323462517
0.016169450407964945,0.474824708770767
0.01613001530483621,0.475396786733142
0.016090576693381528,0.475968864695516
0.016051140920231497,0.476350250003766
0.01601170390687879,0.47692232796614
0.015972268663252517,0.47730371327439
0.015932831049569236,0.477875791236764
0.015893396103936145,0.478257176545014
0.015853959368102924,0.478638561853263
0.01581451952418058,0.479210639815638
0.015775078588517507,0.479782717778012
0.01573564301359223,0.480164103086262
0.01569620413548317,0.480736181048636
0.015656764847502093,0.481117566356886
0.015617326731797563,0.48168964431926
0.015577888158064396,0.48207102962751
0.015538453539900705,0.482643107589884
0.015499015694443953,0.483024492898134
0.015459576438224982,0.483596570860508
0.015420140709323862,0.483977956168758
0.015380705022602052,0.484550034131132
0.015341268808165586,0.484931419439382
0.015301831697305654,0.485503497401756
0.015262394607070828,0.486075575364131
0.015222956824033193,0.48645696067238
0.015183519684737355,0.487029038634755
0.015144081471948893,0.487410423943004
0.015104643584194829,0.487982501905379
0.015065206661122254,0.488554579867753
0.015025768791411294,0.488935965176003
0.014986329493351512,0.489508043138377
0.014946892595985842,0.489889428446627
0.01490745498825086,0.490461506409001
0.01486801697380726,0.490842891717251
0.01482857949967692,0.491414969679625
0.014789139625948564,0.491987047642
0.014749701910211153,0.492368432950249
0.01471026379190662,0.492940510912624
0.01467082356616506,0.493321896220873
0.014631385478724737,0.493893974183248
0.014591946513621654,0.494466052145622
0.014552507571264474,0.495038130107997
0.01451306903982202,0.495419515416246
0.014473631443090244,0.495991593378621
0.014434193697453222,0.496563671340995
0.014394756452102048,0.496945056649245
0.014355317385051636,0.497517134611619
0.014315876713030943,0.498089212573993
0.01427644175696275,0.498470597882243
0.014237001350219637,0.499042675844617
0.014197563760628062,0.499614753806992
0.014158127359457841,0.499996139115241
0.014118688464840677,0.500758909731741
0.014079251333340039,0.50114029503999
0.014039812418131169,0.501712373002365
0.014000374790027184,0.502284450964739
0.013960939095884571,0.502665836272989
0.013921503906269513,0.503237914235363
0.013882066291637228,0.503809992197738
0.013842628544088806,0.504382070160112
0.013803190889531712,0.504954148122486
0.013763753017984954,0.505335533430736
0.013724313269680636,0.50590761139311
0.013684876259591734,0.506479689355485
0.013645439163083405,0.507051767317859
0.013606000987372456,0.507623845280234
0.01356656420363892,0.508005230588483
0.013527129470648996,0.508577308550858
0.013487692907507426,0.509149386513232
0.013448250932029546,0.509721464475607
0.01340881421316123,0.510293542437981
0.013369378445146296,0.510674927746231
0.013329939901330539,0.511247005708605
0.013290501157117919,0.51181908367098
0.013251062496600026,0.512391161633354
0.013211625182821332,0.512963239595728
0.013172186547549146,0.513535317558103
0.013132747886886452,0.514107395520477
0.013093311741004308,0.514679473482852
0.013053875309025676,0.515251551445226
0.013014437333047687,0.515632936753476
0.012975000535537247,0.516395707369975
0.012935561884349557,0.516777092678224
0.012896123385967911,0.517349170640599
0.012856684302803591,0.517921248602973
0.012817242455701648,0.518493326565348
0.012777799080288654,0.519065404527722
0.012738357171012793,0.519637482490097
0.012698920995661039,0.520209560452471
0.01265948309495217,0.520781638414845
0.012620047241083811,0.52135371637722
0.012580609878729805,0.521925794339594
0.012541173865621298,0.522497872301969
0.012501736861845998,0.523069950264343
0.012462297134703787,0.523642028226717
0.012422857885192717,0.524214106189092
0.012383418217782724,0.524786184151466
0.01234398234133766,0.525548954767965
0.012304547171806405,0.525930340076215
0.01226510978963369,0.52650241803859
0.012225671995586154,0.527074496000964
0.01218623555354222,0.527646573963338
0.012146796050202278,0.528409344579838
0.012107355302810062,0.528981422542212
0.012067916818811222,0.529362807850462
0.01202847954789584,0.530125578466961
0.011989043702256987,0.530697656429335
0.011949605314241572,0.53126973439171
0.011910169084072102,0.532032505008209
0.011870732083752203,0.532413890316458
0.011831294377166592,0.533176660932958
0.0117918523598636,0.533748738895332
0.011752411591097679,0.534320816857707
0.011712975650673994,0.535083587474206
0.011673535457995444,0.535464972782455
0.011634097875163073,0.53603705074483
0.011594658770872446,0.536609128707204
0.011555220794947856,0.537371899323703
0.011515786535654772,0.537943977286078
0.011476349943317594,0.538516055248452
0.01143691427351839,0.539088133210827
0.011397479196506263,0.539660211173201
0.011358042386099018,0.5404229817897
0.011318605653451599,0.540995059752075
0.011279168259816782,0.541567137714449
0.011239733379728315,0.542139215676824
0.011200297209632061,0.542901986293323
0.011160859520407957,0.543474064255697
0.011121420910543977,0.544236834872197
0.011081984110852539,0.544808912834571
0.011042545498992458,0.545380990796945
0.011003109430841236,0.546143761413445
0.010963668289583804,0.546715839375819
0.01092423177629415,0.547287917338193
0.010884796023439622,0.548050687954693
0.010845360487870957,0.548622765917067
0.010805923810121453,0.549194843879442
0.010766487265118788,0.549957614495941
0.010727049158960361,0.55072038511244
0.010687614020816914,0.55110177042069
0.010648172799946159,0.551864541037189
0.010608738172060265,0.552627311653688
0.010569302186213566,0.553199389616062
0.010529867190352064,0.553771467578437
0.010490430914755182,0.554534238194936
0.010450995499266053,0.55510631615731
0.010411560555568864,0.55586908677381
0.010372123345992003,0.556441164736184
0.0103326853254309,0.557203935352683
0.010293249697920209,0.557776013315058
0.010253815557605959,0.558538783931557
0.010214381092854415,0.559301554548056
0.010174946254914158,0.559873632510431
0.010135511144036921,0.560445710472805
0.010096074215234441,0.561208481089304
0.010056638540371338,0.561971251705803
0.010017203809584712,0.562543329668178
0.00997776519022801,0.563306100284677
0.009938329248603597,0.563878178247052
0.009898891813350847,0.564640948863551
0.009859450594975233,0.56540371948005
0.009820008116685151,0.565975797442424
0.00978057218030279,0.566738568058924
0.009741130154168763,0.567501338675423
0.009701690008000408,0.568264109291922
0.00966225550277827,0.568836187254297
0.009622818793520707,0.569408265216671
0.009583381209966473,0.57017103583317
0.009543944736138212,0.570933806449669
0.0095045082641724,0.571696577066169
0.009465068064828198,0.572459347682668
0.00942562606490673,0.573031425645042
0.009386185052700207,0.573794196261541
0.00934674815948713,0.574556966878041
0.009307310741147995,0.57531973749454
0.009267875193462238,0.576082508111039
0.00922843783060026,0.576654586073414
0.009189002183252982,0.577417356689913
0.0091495640984215,0.578180127306412
0.00911012830704567,0.578942897922911
0.009070689785198429,0.57970566853941
0.009031250789812525,0.58046843915591
0.008991811653082589,0.581231209772409
0.008952374311436159,0.581803287734783
0.00891293264951053,0.582566058351283
0.008873494723353277,0.583328828967782
0.008834058840512108,0.584282292238406
0.008794615921496949,0.58485437020078
0.008755179431686301,0.585617140817279
0.008715742472295833,0.586379911433779
0.008676305949742925,0.587142682050278
0.008636869355071058,0.587905452666777
0.008597431286772239,0.588668223283276
0.008557994083337489,0.589430993899775
0.008518554289997819,0.590193764516275
0.008479116965198152,0.590956535132774
0.008439675527204081,0.591719305749273
0.008400235381648358,0.592672769019897
0.008360795055688257,0.593435539636397
0.008321351625174613,0.594007617598771
0.008281911166734985,0.594961080869395
0.008242472781319425,0.595723851485894
0.008203033339538587,0.596486622102393
0.008163592127951145,0.597249392718893
0.008124156369270805,0.598012163335392
0.008084716276013135,0.598965626606016
0.00804527821631147,0.599728397222515
0.008005840253433073,0.600491167839014
0.007966400678145708,0.601444631109638
0.007926960483254928,0.602207401726138
0.007887522553270281,0.602970172342637
0.007848085884926631,0.603732942959136
0.007808646954414836,0.60468640622976
0.007769208469199623,0.605449176846259
0.007729771871399874,0.606211947462758
0.007690335565515791,0.607165410733382
0.007650900640590258,0.607928181349882
0.007611459924126803,0.608690951966381
0.00757202180480199,0.609644415237005
0.007532585379183752,0.610597878507629
0.007493146839709985,0.611360649124128
0.007453711465571369,0.612123419740627
0.007414274108209882,0.613076883011252
0.00737483888053034,0.613839653627751
0.007335401362324746,0.614793116898375
0.007295964747484421,0.615555887514874
0.0072565285413331276,0.616509350785498
0.007217086226600697,0.617462814056122
0.007177648038899634,0.618225584672621
0.007138211229869181,0.61898835528912
0.0070987729303293645,0.619941818559745
0.007059333934072371,0.620895281830369
0.007019896327997102,0.621658052446868
0.006980456626479268,0.622611515717492
0.006941017694820114,0.623564978988116
0.006901581204448076,0.62451844225874
0.0068621414370580525,0.625281212875239
0.006822704911916424,0.626234676145863
0.00678326433363569,0.627188139416487
0.00674382131750319,0.628141602687111
0.006704382352567116,0.629095065957735
0.006664945370557602,0.630048529228359
0.00662550779065923,0.630811299844858
0.006586069003004128,0.631764763115482
0.00654663056300696,0.632718226386107
0.006507195368145438,0.633671689656731
0.006467758041224891,0.634625152927355
0.006428314375821108,0.635578616197979
0.006388876209493751,0.636532079468603
0.00634943812977291,0.637485542739227
0.006310000268897465,0.638439006009851
0.006270561296500418,0.639392469280475
0.006231125280649491,0.640345932551099
0.0061916874796110535,0.641299395821723
0.006152251406150919,0.642252859092347
0.0061128125068887545,0.643206322362971
0.00607337491842664,0.64435047828772
0.006033940340477331,0.645303941558344
0.005994503633521109,0.646257404828968
0.005955064989152679,0.647210868099592
0.005915629604391811,0.648355024024341
0.005876191183170718,0.649308487294965
0.005836755660837538,0.650261950565589
0.00579731869792043,0.651406106490337
0.005757882264282049,0.652359569760962
0.005718443335686146,0.65350372568571
0.005679004956782496,0.654457188956334
0.005639562837316193,0.655601344881083
0.005600126681798815,0.656554808151707
0.005560689093599579,0.657508271422331
0.005521249955947324,0.65865242734708
0.005481811073563114,0.659796583271829
0.005442371044364164,0.660750046542453
0.005402930984664173,0.661894202467202
0.0053634905196079125,0.663038358391951
0.0053240529381077305,0.663991821662575
0.0052846161136384925,0.665135977587324
0.005245175403181228,0.666280133512072
0.005205734609641891,0.667424289436821
0.005166297447201263,0.66856844536157
0.005126861371495498,0.669712601286319
0.005087421254248701,0.670856757211068
0.005047984450219679,0.672000913135817
0.005008544633768623,0.673145069060565
0.0049691067621417135,0.674289224985314
0.004929667917454435,0.675433380910063
0.004890228868335736,0.676577536834812
0.004850788927848591,0.677721692759561
0.004811353884721624,0.67886584868431
0.004771916675240592,0.680200697263183
0.0047324766263054045,0.681344853187932
0.004693038393626929,0.682489009112681
0.004653602127687638,0.683823857691555
0.004614166120921763,0.685158706270428
0.004574730997417302,0.686302862195177
0.004535289881427808,0.687637710774051
0.004495855708063919,0.688781866698799
0.004456416332997383,0.690116715277673
0.004416976332310101,0.691451563856547
0.004377539898560319,0.69278641243542
0.004338101047929209,0.694121261014294
0.004259224310357165,0.696790958172041
0.00421978799781859,0.698125806750915
0.004180352959107184,0.699460655329789
0.004140915632030677,0.700795503908662
0.004101479630001145,0.702321045141661
0.00406204422305343,0.703655893720534
0.004022604907532051,0.705181434953533
0.003983168975747908,0.706516283532406
0.0039437321143726,0.70785113211128
0.003904293879381633,0.709376673344279
0.0038648566009495708,0.710902214577277
0.003825421118826303,0.712427755810275
0.003785985550880719,0.713953297043274
0.0037465490312195426,0.715478838276272
0.0037071115493764097,0.717004379509271
0.0036676764858827164,0.718529920742269
0.0036282385205002694,0.720246154629392
0.0035888023674089517,0.721771695862391
0.003549364025872523,0.723487929749514
0.003509928490566729,0.725013470982513
0.003470492762505548,0.726729704869636
0.0034310577851973004,0.728445938756759
0.003391623367265599,0.730162172643882
0.0033521831990373564,0.731878406531006
0.0033127485098218244,0.733785333072254
0.003273307353785058,0.735501566959377
0.0032338659720679047,0.7372178008465
0.003194423723218784,0.739124727387748
0.003154987657304292,0.741031653928996
0.003115550433816936,0.742938580470244
0.0030761094315197557,0.744845507011492
0.00303667436061189,0.746752433552741
0.002997238660358367,0.748659360093989
0.002957795707620686,0.750756979289361
0.0029183565048804608,0.752663905830609
0.0028789223111164264,0.754761525025982
0.0028394872021930495,0.756859144221355
0.002800051499738436,0.758956763416728
0.002760613241852152,0.761054382612101
0.0027211745750852267,0.763342694461599
0.0026817369395782382,0.765440313656972
0.002642298166486411,0.767537932852344
0.0026028592694609465,0.770016937355967
0.002563421287706255,0.772305249205465
0.002523984425557876,0.774402868400837
0.0024845467242143684,0.77688187290446
0.002445108808037756,0.779170184753958
0.002405673186051966,0.78164918925758
0.0023662347946435424,0.783937501107078
0.002326795206390273,0.7864165056107
0.0022873585353487312,0.788895510114323
0.0022479185473221423,0.791374514617945
0.002208478508875529,0.794044211775692
0.0021690394698800526,0.796523216279315
0.0021295946159745763,0.799192913437062
0.002090156964605513,0.801862610594809
0.00205072072762567,0.804532307752557
0.0020112807940804076,0.807202004910304
0.0019718407675504077,0.810062394722176
0.0019324054429228465,0.812922784534048
0.001892966373150041,0.81578317434592
0.0018535323914744297,0.818834256811917
0.0018140953629591813,0.821885339277914
0.001774656225850516,0.824936421743911
0.0017352206184859209,0.827987504209908
0.0016957853933416492,0.831038586675905
0.0016563506779626095,0.834280361796026
0.001616913433244147,0.837712829570273
0.0015774787839645068,0.840954604690395
0.0015380431555002251,0.844577765118766
0.0014986080630894534,0.848010232893013
0.001459173823626145,0.851633393321384
0.0014197372920839947,0.85544724640388
0.0013802993746932122,0.859261099486376
0.0013408615089499749,0.863265645222997
0.0013014219573933461,0.867460883613743
0.0012619855664934478,0.871465429350364
0.0012225450040057382,0.875851360395234
0.0011831070592016376,0.880237291440105
0.0011436689115256065,0.8848139151391
0.0011042336437297223,0.889390538838095
0.0010647972844203034,0.894157855191216
0.0010253612182540715,0.898925171544336
0.0009859209712701747,0.903883180551581
0.0009464811172981719,0.908841189558826
0.0009070452641605066,0.913989891220195
0.0008676088192292932,0.919138592881565
0.0008281724992698459,0.924287294542935
0.0007887346501260946,0.92962668885843
0.0007492991327542682,0.934775390519799
0.0007098582286905689,0.940114784835294
0.0006704218230915102,0.945454179150788
0.0006309853380283518,0.950793573466283
0.0005915495631361697,0.956323660435902
0.0005521130254184926,0.961853747405522
0.0005126762477490492,0.967574527029266
0.0004732384407912905,0.97329530665301
0.0004337989239819661,0.979016086276754
0.00039436054423395994,0.985118251208748
0.00035492215751510374,0.991411108794867
0.00031548770653369655,0.998085351689235
0.0002760533062262745,1.00514097989185
0.00023661699515805783,1.0123873007486
0.00019717675984125757,1.02058708487596
0.0001577368934625281,1.02954963961983
0.0001183004614392995,1.03984704294257
7.886010285501078e-05,1.05224206546068
3.9423542516055095e-05,1.06787886309891
0.0,1.09419444936814
