voltage,normalizedCapacity
0.05846269385339159,1.0
0.059080925592733986,1.0
0.059699157332076376,1.0
0.060317389071418766,1.0
0.06093562081076116,1.0
0.06155385255010355,1.0
0.06217208428944594,1.0
0.06279031602878833,1.0
0.06340854776813074,1.0
0.06402677950747312,1.0
0.06464501124681551,1.0
0.0652632429861579,1.0
0.0658814747255003,1.0
0.06649970646484268,1.0
0.06711793820418509,1.0
0.06773616994352748,1.0
0.06835440168286987,1.0
0.06897263342221226,1.0
0.06959086516155465,1.0
0.07020909690089704,1.0
0.07082732864023944,1.0
0.07144556037958183,1.0
0.07206379211892422,1.0
0.07268202385826661,1.0
0.073300255597609,1.0
0.07391848733695139,1.0
0.07453671907629379,1.0
0.07515495081563618,1.0
0.07577318255497857,1.0
0.07639141429432096,1.0
0.07700964603366335,1.0
0.07762787777300575,1.0
0.07824610951234814,1.0
0.07886434125169053,1.0
0.07948257299103292,1.0
0.08010080473037531,1.0
0.0807190364697177,1.0
0.08133726820906009,1.0
0.0819554999484025,1.0
0.08257373168774489,1.0
0.08319196342708728,1.0
0.08381019516642967,1.0
0.08442842690577206,1.0
0.08504665864511446,1.0
0.08566489038445685,1.0
0.08628312212379924,1.0
0.08690135386314163,1.0
0.08751958560248402,1.0
0.08813781734182641,1.0
0.0887560490811688,1.0
0.08937428082051119,1.0
0.08999251255985359,1.0
0.09061074429919598,1.0
0.09122897603853838,1.0
0.09184720777788077,1.0
0.09246543951722316,1.0
0.09308367125656555,1.0
0.09370190299590794,1.0
0.09432013473525033,1.0
0.09493836647459272,1.0
0.09555659821393511,1.0
0.0961748299532775,1.0
0.0967930616926199,1.0
0.0974112934319623,1.0
0.09802952517130469,1.0
0.09864775691064709,1.0
0.09926598864998948,1.0
0.09988422038933187,1.0
0.10050245212867426,1.0
0.10112068386801665,1.0
0.10173891560735904,1.0
0.10235714734670143,1.0
0.10297537908604382,1.0
0.1035936108253862,1.0
0.10421184256472861,1.0
0.104830074304071,1.0
0.10544830604341339,1.0
0.1060665377827558,1.0
0.10668476952209818,1.0
0.10730300126144057,1.0
0.10792123300078296,1.0
0.10853946474012535,1.0
0.10915769647946774,1.0
0.10977592821881013,0.9931765559310448
0.11039415995815252,0.9869347118298645
0.11101239169749491,0.9966548498434585
0.11163062343683731,0.9956746228650607
0.1122488551761797,0.9888526209380668
0.1128670869155221,0.998603498463959
0.1134853186548645,0.9808353385969695
0.11410355039420689,0.976029937638203
0.11472178213354928,0.9914397820732928
0.11534001387289167,0.9644267172002051
0.11595824561223406,0.9744658780672483
0.11657647735157645,0.9649912316449262
0.11719470909091884,0.9866721523852438
0.11781294083026123,0.9753169456090519
0.11843117256960363,0.9610010878798516
0.11904940430894603,0.9709431007393476
0.11966763604828841,0.9684026369390052
0.1202858677876308,0.9679244852944868
0.12090409952697319,0.964973129735756
0.12152233126631559,0.9628799553513538
0.12214056300565798,0.9641028680117374
0.12275879474500037,0.9564817248309938
0.12337702648434276,0.9671794601227569
0.12399525822368516,0.9618635974277681
0.12461348996302755,0.9633988328960609
0.12523172170236993,0.9638694963885749
0.12584995344171235,0.9664345882236922
0.12646818518105474,0.9653933815692266
0.12708641692039713,0.9575894514985694
0.12770464865973952,0.9676969324439904
0.1283228803990819,0.9610997752761635
0.1289411121384243,0.9613928551536399
0.1295593438777667,0.9743111945211966
0.13017757561710908,0.9942755792722463
0.13079580735645147,0.9774622596244055
0.13141403909579386,0.9778127176449831
0.13203227083513625,0.9938475275960394
0.13265050257447863,1.0
0.13326873431382102,1.0
0.13388696605316344,1.0
0.1345051977925058,1.0
0.1351234295318482,1.0
0.1357416612711906,1.0
0.136359893010533,1.0
0.1369781247498754,1.0
0.13759635648921778,1.0
0.13821458822856017,1.0
0.1388328199679026,1.0
0.13945105170724498,1.0
0.14006928344658734,1.0
0.14068751518592976,1.0
0.14130574692527215,1.0
0.14192397866461454,1.0
0.14254221040395693,1.0
0.14316044214329932,1.0
0.1437786738826417,1.0
0.1443969056219841,1.0
0.14501513736132648,1.0
0.14563336910066887,1.0
0.14625160084001126,1.0
0.14686983257935365,1.0
0.14748806431869604,1.0
0.14810629605803843,1.0
0.14872452779738085,1.0
0.1493427595367232,1.0
0.1499609912760656,0.9788441894595307
0.15057922301540802,0.9898854793579114
0.1511974547547504,0.9771500555555735
0.1518156864940928,0.9787413640346434
0.1524339182334352,0.9709717791998906
0.15305214997277758,0.9801965044577821
0.15367038171212,0.9860833218977685
0.1542886134514624,0.9772031474510787
0.15490684519080475,0.9731524501488048
0.15552507693014717,0.9474175650663845
0.15614330866948956,0.9832458037580292
0.15676154040883195,0.9699288584401428
0.15737977214817434,0.9601664176304591
0.15799800388751672,0.971208471284234
0.15861623562685911,0.9707608534892413
0.1592344673662015,0.9373610424170767
0.1598526991055439,0.9592576151834648
0.16047093084488628,0.9650743624053076
0.16108916258422867,0.9586174906969829
0.16170739432357106,0.9644966992166975
0.16232562606291345,0.9637178830592456
0.16294385780225584,0.9666276872893377
0.16356208954159826,0.9576426802585885
0.16418032128094062,0.9513998519213753
0.164798553020283,0.9694790412096579
0.16541678475962543,0.9548072289691976
0.16603501649896782,0.9603886249081627
0.1666532482383102,0.9611728743751881
0.1672714799776526,0.9585328294194085
0.167889711716995,0.958186614835951
0.1685079434563374,0.9602398040617969
0.1691261751956798,0.9593046318999515
0.16974440693502219,0.9560991792315475
0.17036263867436457,0.9573914875522155
0.17098087041370696,0.9670537236823769
0.17159910215304935,0.9655463487080634
0.17221733389239174,0.9307130639392996
0.17283556563173413,0.9482095335278682
0.17345379737107652,0.9659675628387814
0.1740720291104189,0.9634110525735364
0.1746902608497613,0.9499407779066735
0.1753084925891037,0.9497270101001469
0.17592672432844608,0.9633876435551244
0.17654495606778847,0.9488446115419731
0.17716318780713086,0.9503460603615688
0.17778141954647325,0.9495522424250884
0.17839965128581567,0.9544176076402969
0.17901788302515806,0.9587537367586008
0.17963611476450042,0.9327079591956009
0.18025434650384287,0.9526381564983214
0.18087257824318526,0.9597359525849245
0.18149080998252762,0.9490457065586576
0.18210904172187,0.9529635283200992
0.1827272734612124,0.952251249941678
0.18334550520055481,0.9538752176673186
0.18396373693989718,0.949100845756176
0.18458196867923957,0.9460655481929625
0.18520020041858198,0.9579882438081797
0.18581843215792437,0.941220500292982
0.18643666389726676,0.9539983271027438
0.18705489563660915,0.9550245695539488
0.18767312737595154,0.9408866945553592
0.18829135911529393,0.9504787435690463
0.18890959085463632,0.9394586779317594
0.1895278225939787,0.9493345016745077
0.19014605433332113,0.944870442874652
0.19076428607266352,0.9490457462048313
0.1913825178120059,0.9453782496243731
0.19200074955134827,0.9451550164650542
0.19261898129069066,0.9545971334938879
0.19323721303003308,0.9413357899615246
0.19385544476937547,0.9497720592863832
0.19447367650871786,0.9527514517463982
0.19509190824806025,0.9467120986166854
0.19571013998740264,0.9336582457357218
0.19632837172674503,0.9483957559336125
0.19694660346608742,0.9458399042150752
0.1975648352054298,0.957556481058837
0.19818306694477222,0.9387827733578598
0.1988012986841146,0.942983361950244
0.19941953042345698,0.9410450577192878
0.2000377621627994,0.9391257226955397
0.20065599390214178,0.9431647525217224
0.20127422564148417,0.9463003757838081
0.20189245738082656,0.9461747962295497
0.20251068912016895,0.9475930170282989
0.20312892085951134,0.9463934456657832
0.20374715259885373,0.941683577087994
0.20436538433819612,0.9360505130925427
0.20498361607753854,0.9476900006436192
0.20560184781688093,0.946025731607761
0.20622007955622332,0.9266847226673355
0.20683831129556568,0.9342688592108994
0.20745654303490807,0.9465264814402272
0.2080747747742505,0.9516485999038906
0.20869300651359288,0.9426826259350158
0.20931123825293527,0.9461522288065735
0.20992946999227768,0.9388071075793823
0.21054770173162005,0.9357529491672103
0.21116593347096244,0.9384980354204884
0.21178416521030483,0.9386744572984694
0.21240239694964722,0.942389676134503
0.21302062868898963,0.9435764097025151
0.21363886042833202,0.9330962726284552
0.21425709216767438,0.9403400588576166
0.2148753239070168,0.9370099295969522
0.2154935556463592,0.9450243136634209
0.21611178738570158,0.9395656699540709
0.21673001912504397,0.9352160831814827
0.21734825086438636,0.9367144154752644
0.21796648260372875,0.930729024041197
0.21858471434307114,0.9416052080559546
0.21920294608241353,0.9400623017987132
0.21982117782175595,0.9325344054577888
0.22043940956109834,0.937200076812123
0.22105764130044073,0.9424114550604267
0.2216758730397831,0.9322840897841635
0.22229410477912548,0.9443342728422426
0.2229123365184679,0.9493610808528387
0.22353056825781029,0.9430679467748535
0.22414879999715268,0.9596172879667078
0.2247670317364951,0.9692318524951316
0.22538526347583746,0.9643495399993074
0.22600349521517984,0.98187689137486
0.22662172695452223,0.9771467661341932
0.22723995869386462,0.9195715748598685
0.22785819043320704,0.9443341260462303
0.22847642217254943,0.9221408933771951
0.22909465391189182,0.9183839876105281
0.2297128856512342,0.9236108881263259
0.2303311173905766,0.9037238883370754
0.230949349129919,0.8897130528810129
0.23156758086926138,0.8936963473545297
0.23218581260860377,0.8907339463683593
0.23280404434794616,0.8807320293279314
0.23342227608728855,0.8765666207528018
0.23404050782663094,0.8748610028591872
0.23465873956597336,0.8801676713031389
0.23527697130531575,0.8835611600015211
0.23589520304465814,0.8747170311026226
0.23651343478400053,0.87034543810031
0.2371316665233429,0.8765930400837264
0.2377498982626853,0.8765586503404885
0.2383681300020277,0.869817125580097
0.23898636174137008,0.8727978471277402
0.2396045934807125,0.8695136919264674
0.2402228252200549,0.865518945753571
0.24084105695939725,0.8707479933654523
0.24145928869873964,0.8686612561284542
0.24207752043808203,0.8664662703327193
0.24269575217742445,0.8631399981530118
0.24331398391676684,0.8673990755703789
0.24393221565610923,0.8650180005591718
0.24455044739545162,0.8669634590221977
0.245168679134794,0.8626152618420609
0.2457869108741364,0.863925916839756
0.2464051426134788,0.8648798302410932
0.24702337435282118,0.8641128764743357
0.2476416060921636,0.8603973948693926
0.24825983783150596,0.8634374928198952
0.24887806957084835,0.8635366452093381
0.24949630131019077,0.8629234507867771
0.2501145330495331,0.8619911089146673
0.2507327647888755,0.8569757015301309
0.2513509965282179,0.8575486977239538
0.2519692282675603,0.8576536380898752
0.2525874600069027,0.8575830053190958
0.2532056917462451,0.8541774680133118
0.25382392348558747,0.8554647745111877
0.2544421552249299,0.8523542294886959
0.2550603869642723,0.8565205134688271
0.25567861870361464,0.8510198327360354
0.256296850442957,0.8439180564113794
0.2569150821822994,0.8413300357173434
0.25753331392164186,0.8471455768952193
0.25815154566098425,0.8475322539254853
0.25876977740032664,0.8460544541992139
0.25938800913966903,0.8412126850279118
0.2600062408790114,0.8394545443361898
0.2606244726183538,0.8351271256106148
0.2612427043576962,0.8325044315193527
0.2618609360970386,0.8302439195323754
0.26247916783638103,0.8346713784639255
0.26309739957572337,0.8311793579110481
0.26371563131506576,0.825345212463227
0.2643338630544082,0.8189115501221379
0.2649520947937506,0.8040133101578371
0.265570326533093,0.821999294435769
0.26618855827243537,0.8145426402488116
0.26680679001177776,0.811630756191084
0.26742502175112015,0.812502311321823
0.26804325349046254,0.8099776471086755
0.26866148522980493,0.8101266602209907
0.2692797169691473,0.7946803398131178
0.2698979487084897,0.8009623013857105
0.2705161804478321,0.8033459114736902
0.2711344121871745,0.8045894692961546
0.2717526439265169,0.7986657167723348
0.27237087566585927,0.7997328160248314
0.27298910740520166,0.793052794010708
0.27360733914454405,0.7842316946320141
0.27422557088388644,0.7885218524476455
0.27484380262322883,0.7835360305470623
0.2754620343625712,0.7894058053388529
0.2760802661019136,0.785243551059338
0.276698497841256,0.7810194981508969
0.2773167295805984,0.7797953390967572
0.2779349613199408,0.7797034994415364
0.27855319305928317,0.7766356240117942
0.27917142479862556,0.7751611787696187
0.27978965653796795,0.7727702595592675
0.28040788827731034,0.7760278481165522
0.2810261200166527,0.7716520082492518
0.2816443517559951,0.7677842666403722
0.2822625834953375,0.768548634001118
0.28288081523467995,0.7677144118723086
0.28349904697402234,0.763469748316923
0.28411727871336473,0.7658433398594093
0.2847355104527071,0.7598950830564724
0.2853537421920495,0.7595263135400744
0.28597197393139184,0.7581466254782638
0.28659020567073423,0.7558796640699964
0.2872084374100766,0.7507696843742009
0.287826669149419,0.7456672502340336
0.2884449008887615,0.748001950565844
0.2890631326281039,0.7495704857687496
0.28968136436744624,0.747704195885076
0.2902995961067886,0.7444795776933448
0.290917827846131,0.7441253869370854
0.2915360595854734,0.7434323865469621
0.2921542913248158,0.742255122690328
0.29277252306415824,0.7376181872921337
0.29339075480350063,0.7356719083570847
0.294008986542843,0.7307893234367818
0.2946272182821854,0.7372696050467223
0.2952454500215278,0.727195976647941
0.2958636817608702,0.7302285390392476
0.2964819135002126,0.7295083677982156
0.29710014523955497,0.7291379741880711
0.2977183769788973,0.7225996873915148
0.29833660871823975,0.7210673073013332
0.29895484045758214,0.7242482592092168
0.29957307219692453,0.723426599103267
0.3001913039362669,0.7167616944083598
0.3008095356756093,0.7186089338873572
0.3014277674149517,0.7151478205332924
0.3020459991542941,0.7197843582698042
0.3026642308936365,0.7118930940924266
0.30328246263297887,0.7159510914320223
0.30390069437232126,0.7083295817960222
0.30451892611166365,0.7104390362676066
0.30513715785100604,0.707786574936805
0.3057553895903484,0.7023046137917227
0.3063736213296908,0.7042379320641128
0.3069918530690332,0.7004417992276875
0.3076100848083756,0.7033317818122901
0.30822831654771804,0.6986096976875746
0.30884654828706043,0.7023761017011863
0.3094647800264028,0.6960049463578389
0.31008301176574515,0.6923845707798053
0.31070124350508754,0.6913874299015886
0.31131947524442993,0.6955158105166532
0.3119377069837723,0.6920606995397744
0.31255593872311477,0.6897510825416145
0.31317417046245716,0.6902052901444212
0.31379240220179955,0.686889559313666
0.31441063394114194,0.6757994588681734
0.3150288656804843,0.6870044426132599
0.3156470974198267,0.6795759283896833
0.3162653291591691,0.6741715521467557
0.3168835608985115,0.6816424420706682
0.3175017926378539,0.6763861096301548
0.3181200243771963,0.677467543240117
0.31873825611653867,0.6792203275787121
0.31935648785588105,0.6779326311843962
0.31997471959522344,0.6635796201996899
0.32059295133456583,0.673514973019141
0.3212111830739082,0.6713598410727895
0.3218294148132506,0.6720794113286135
0.32244764655259306,0.6693235314032671
0.32306587829193545,0.6683465265505576
0.32368411003127784,0.6680841395651649
0.32430234177062023,0.6655173614186815
0.3249205735099626,0.665333495394136
0.32553880524930495,0.6646052667458728
0.32615703698864734,0.6614449233158008
0.32677526872798973,0.6621525238326899
0.3273935004673321,0.6615707070306898
0.32801173220667457,0.659778641398895
0.32862996394601696,0.6572108446203768
0.32924819568535935,0.6570976704039291
0.32986642742470174,0.6542505449098456
0.3304846591640441,0.652299521363977
0.3311028909033865,0.6520579252995221
0.3317211226427289,0.6462742082098549
0.3323393543820713,0.6487687193169642
0.3329575861214137,0.6478266913437994
0.3335758178607561,0.6457058778260326
0.33419404960009846,0.6444955503810652
0.33481228133944085,0.6435430889847644
0.33543051307878324,0.6415438566635936
0.33604874481812563,0.6399199970627172
0.336666976557468,0.6364521994015757
0.3372852082968104,0.6355687037876765
0.33790344003615286,0.6346500869321695
0.33852167177549525,0.6375027028474813
0.33913990351483764,0.6376859162695798
0.33975813525418,0.6348974359577367
0.34037636699352236,0.6340435401864412
0.34099459873286475,0.6324578528199557
0.34161283047220714,0.6289202983607122
0.3422310622115496,0.6252801275210517
0.342849293950892,0.6287516119415074
0.34346752569023437,0.6271415386810033
0.34408575742957676,0.6198195128896332
0.34470398916891914,0.6225155499448581
0.34532222090826153,0.6223529833677369
0.3459404526476039,0.6173338160996683
0.3465586843869463,0.6192725282184874
0.3471769161262887,0.6205780558813148
0.3477951478656311,0.6179671345546055
0.3484133796049735,0.6160635626046812
0.3490316113443159,0.6159391094405001
0.34964984308365826,0.6147725688174145
0.35026807482300065,0.6147183545951181
0.35088630656234304,0.6121167851087663
0.35150453830168543,0.611786830882648
0.3521227700410279,0.6099448875343934
0.35274100178037027,0.6107453303804015
0.35335923351971266,0.6080751910710307
0.35397746525905505,0.6067181607679862
0.35459569699839744,0.6059533473135915
0.3552139287377398,0.601688649010341
0.35583216047708216,0.6001794064233725
0.35645039221642455,0.6025754967246146
0.35706862395576694,0.5965468789545438
0.3576868556951094,0.599440699847224
0.3583050874344518,0.6002472271362495
0.35892331917379416,0.597433719127695
0.35954155091313655,0.5958557407000102
0.36015978265247894,0.5945574234136959
0.36077801439182133,0.5933981091532498
0.3613962461311637,0.5922253184416987
0.36201447787050617,0.589206613954628
0.3626327096098485,0.5916961047615302
0.3632509413491909,0.5894003264473617
0.3638691730885333,0.5872155126540857
0.36448740482787567,0.5884905098412568
0.36510563656721806,0.5881012120578653
0.36572386830656045,0.5852432151702311
0.36634210004590284,0.5810030712131835
0.36696033178524523,0.581229315940797
0.3675785635245877,0.5785768720384653
0.36819679526393007,0.5833636917344018
0.36881502700327246,0.5807179281481888
0.36943325874261485,0.5796559507140043
0.37005149048195723,0.5733481514748469
0.37066972222129957,0.5762856085505339
0.37128795396064196,0.5757269708046359
0.3719061856999844,0.5722357910679896
0.3725244174393268,0.5732597792550812
0.3731426491786692,0.5742837803509776
0.3737608809180116,0.5668082819242324
0.37437911265735396,0.5722611645549499
0.37499734439669635,0.5676518663677849
0.37561557613603874,0.5667045987184738
0.37623380787538113,0.5661430652314053
0.3768520396147235,0.5653303688063562
0.3774702713540659,0.5634826028306034
0.3780885030934083,0.5607892244274063
0.3787067348327507,0.5622092059749634
0.3793249665720931,0.5630627281989645
0.37994319831143547,0.5613526908495305
0.38056143005077786,0.5613653631715223
0.38117966179012025,0.5638217613559737
0.3817978935294627,0.5590036849858459
0.3824161252688051,0.5564599401761274
0.3830343570081475,0.5574128080605156
0.38365258874748986,0.5582356717271965
0.38427082048683225,0.5588901371822541
0.38488905222617464,0.5573481833205689
0.385507283965517,0.5540852251718408
0.38612551570485937,0.5532822415014259
0.38674374744420176,0.5487152700607791
0.3873619791835442,0.5530790578865634
0.3879802109228866,0.5515159249014925
0.388598442662229,0.5502759673450562
0.38921667440157137,0.5425455917647088
0.38983490614091376,0.544836842672488
0.39045313788025615,0.5478619461379713
0.39107136961959854,0.5480566854855805
0.391689601358941,0.5459725765181002
0.3923078330982834,0.5458049018647944
0.3929260648376257,0.5421034113671855
0.3935442965769681,0.5415418676175149
0.3941625283163105,0.5390858541460789
0.3947807600556529,0.539731202375957
0.39539899179499527,0.5402558568256817
0.39601722353433766,0.5386380297461997
0.39663545527368005,0.5409553284961434
0.3972536870130225,0.5312266995415489
0.3978719187523649,0.5317461916915232
0.3984901504917073,0.5338878254156646
0.39910838223104966,0.5322165859164005
0.39972661397039205,0.5371970705591201
0.40034484570973444,0.5329169246174532
0.4009630774490768,0.526342327553227
0.4015813091884192,0.5281410435576847
0.4021995409277616,0.5285981078167532
0.402817772667104,0.5277621087767129
0.4034360044064464,0.5273449934592883
0.4040542361457888,0.5254366584761374
0.40467246788513117,0.5243774388097143
0.40529069962447356,0.5201965224334627
0.40590893136381595,0.5174646648051565
0.40652716310315834,0.5208502103432527
0.4071453948425008,0.5200707402136702
0.4077636265818431,0.5203525732094552
0.4083818583211855,0.5184636287951718
0.4090000900605279,0.5156137000373778
0.4096183217998703,0.516601043490473
0.4102365535392127,0.5143655595684421
0.41085478527855507,0.5129290970369369
0.4114730170178975,0.5118781986498068
0.4120912487572399,0.5128706868485576
0.4127094804965823,0.5121841312686953
0.4133277122359247,0.5100347053684208
0.41394594397526707,0.5115857781020376
0.41456417571460946,0.510059327825381
0.41518240745395185,0.5079502335963872
0.4158006391932942,0.5066126227893943
0.4164188709326366,0.5054642009951392
0.417037102671979,0.5028506902791685
0.4176553344113214,0.5040947313496209
0.4182735661506638,0.5032685485009798
0.4188917978900062,0.4984247421357021
0.4195100296293486,0.5007501406265389
0.42012826136869097,0.49951816279118455
0.42074649310803336,0.4969217923963201
0.4213647248473758,0.49656194458815905
0.4219829565867182,0.49532998638678555
0.4226011883260606,0.494098034845155
0.4232194200654029,0.4927088673414107
0.4238376518047453,0.4873869995897757
0.4244558835440877,0.4902636241652478
0.4250741152834301,0.48915973320399486
0.4256923470227725,0.4844779760197628
0.42631057876211487,0.483057785369654
0.4269288105014573,0.4902458561072522
0.4275470422407997,0.4858058267390666
0.4281652739801421,0.48386331823489026
0.4287835057194845,0.4828903266376788
0.42940173745882687,0.47940741173654344
0.43001996919816926,0.47930474580578486
0.43063820093751165,0.48133218492010266
0.43125643267685404,0.47441565205948083
0.43187466441619643,0.4787038048212459
0.4324928961555388,0.47875735350139803
0.4331111278948812,0.4788370566981804
0.4337293596342236,0.47694110806888035
0.434347591373566,0.47611863924444275
0.4349658231129084,0.47209563450206493
0.43558405485225077,0.46944441004706705
0.43620228659159316,0.46959114402790614
0.4368205183309356,0.4633509211866925
0.437438750070278,0.46818555221478125
0.4380569818096203,0.46945795146692654
0.4386752135489627,0.4674829786816522
0.4392934452883051,0.4662577165927692
0.4399116770276475,0.4597631008003295
0.4405299087669899,0.4577371727694429
0.44114814050633233,0.4599819193594818
0.4417663722456747,0.4639976164692859
0.4423846039850171,0.45977780627315146
0.4430028357243595,0.4599916184518911
0.4436210674637019,0.45362965504219144
0.4442392992030443,0.4578908126465718
0.44485753094238667,0.45703768524458016
0.44547576268172906,0.4534050850744686
0.4460939944210714,0.4551750897769225
0.44671222616041384,0.4542150665445705
0.44733045789975623,0.45479389040312074
0.4479486896390986,0.45007510734543954
0.448566921378441,0.44890114417666044
0.4491851531177834,0.4478381274674295
0.4498033848571258,0.44465776338717466
0.4504216165964682,0.4458136506495359
0.4510398483358106,0.4447755306036778
0.451658080075153,0.4433347914380909
0.4522763118144954,0.4424871476276145
0.45289454355383774,0.4401686965062903
0.4535127752931801,0.44019871516068865
0.4541310070325225,0.4378472745519282
0.4547492387718649,0.43646787579418267
0.4553674705112073,0.4377739534969695
0.4559857022505497,0.4342846427845604
0.45660393398989213,0.43334262244289007
0.4572221657292345,0.4300872642707825
0.4578403974685769,0.43265350542668357
0.4584586292079193,0.4304600242543144
0.4590768609472617,0.4285261781571442
0.4596950926866041,0.4267885706813056
0.46031332442594647,0.4267447468219002
0.46093155616528886,0.4276992376230118
0.46154978790463125,0.4247608995479587
0.46216801964397364,0.4241325100885142
0.462786251383316,0.4218445790143036
0.4634044831226584,0.4200113046567745
0.4640227148620008,0.4187322579111514
0.4646409466013432,0.4138196879536757
0.4652591783406856,0.41621182008819324
0.465877410080028,0.41706223674955345
0.4664956418193704,0.41555714658345244
0.4671138735587128,0.4123309349986727
0.4677321052980552,0.41269198378583005
0.46835033703739753,0.4111482073510152
0.4689685687767399,0.41069480214940074
0.4695868005160823,0.40867720252241213
0.4702050322554247,0.40496342432633137
0.47082326399476715,0.4059484523019264
0.47144149573410954,0.40778543715544724
0.47205972747345193,0.40308577501471604
0.4726779592127943,0.40176481478102755
0.4732961909521367,0.3963325546232744
0.4739144226914791,0.3996550045773119
0.4745326544308215,0.40211335563892153
0.4751508861701639,0.39685483983960296
0.47576911790950627,0.39733006838236345
0.47638734964884866,0.39443673023185316
0.47700558138819105,0.3937984711666909
0.47762381312753344,0.3930115067878442
0.4782420448668758,0.3917675588933343
0.4788602766062182,0.3925141132627778
0.4794785083455606,0.38916293036856164
0.480096740084903,0.38408969765996537
0.48071497182424544,0.38927741772818225
0.48133320356358783,0.3858424672069962
0.4819514353029302,0.3819699699113982
0.4825696670422726,0.37851664417942477
0.48318789878161494,0.37938542377283996
0.48380613052095733,0.37776428445070526
0.4844243622602997,0.37497191311871847
0.4850425939996421,0.3768298440818265
0.4856608257389845,0.37642691497106706
0.48627905747832695,0.37519492470468135
0.48689728921766934,0.37399524354059543
0.4875155209570117,0.37316018049060556
0.4881337526963541,0.36987698272657066
0.4887519844356965,0.36942352806883233
0.4893702161750389,0.3687731707774263
0.4899884479143813,0.3664114274167085
0.4906066796537237,0.3680508984792402
0.49122491139306607,0.3629455455283233
0.49184314313240846,0.35911727123222836
0.49246137487175085,0.36412111009672765
0.49307960661109324,0.36292903691031875
0.4936978383504356,0.36160443659674646
0.494316070089778,0.3567575955646946
0.4949343018291204,0.35791609648696276
0.4955525335684628,0.36128524654531574
0.49617076530780524,0.35993763222511743
0.4967889970471476,0.35440672375318116
0.49740722878649,0.34940644276163935
0.49802546052583235,0.3517874588101389
0.49864369226517474,0.3492431780823356
0.4992619240045172,0.3504125694476006
0.4998801557438595,0.3491573469833519
0.500498387483202,0.3479292286019773
0.5011166192225442,0.34659772873801026
0.5017348509618867,0.3453761302829196
0.502353082701229,0.3468407172569739
0.5029713144405715,0.3425754204681085
0.503589546179914,0.3423669020314043
0.5042077779192563,0.33684025811339335
0.5048260096585988,0.3376669838954929
0.5054442413979411,0.33883818008966077
0.5060624731372835,0.3382916761452969
0.5066807048766258,0.33639434610856245
0.5072989366159683,0.3342394782196925
0.5079171683553108,0.33375015135622466
0.508535400094653,0.33273138612489084
0.5091536318339955,0.33035581342013887
0.5097718635733378,0.33000991081700864
0.5103900953126803,0.32761923683381766
0.5110083270520226,0.33055637505195046
0.5116265587913651,0.3268228633512652
0.5122447905307074,0.3216376453323212
0.5128630222700499,0.3222177486535277
0.5134812540093923,0.3243660988149045
0.5140994857487345,0.3226048866290569
0.514717717488077,0.3209501743284643
0.5153359492274193,0.31925092880035244
0.5159541809667618,0.3198121113740006
0.5165724127061041,0.31927248419723586
0.5171906444454466,0.31972833418293184
0.5178088761847889,0.31774908103619326
0.5184271079241314,0.317255754983906
0.5190453396634738,0.3132290882397736
0.5196635714028162,0.31494945376846517
0.5202818031421585,0.31427956417336356
0.5209000348815009,0.3123905853811342
0.5215182666208433,0.31180622976025046
0.5221364983601856,0.310938960461506
0.5227547300995281,0.30759117399706326
0.5233729618388705,0.30800054303211244
0.5239911935782129,0.3081706086569804
0.5246094253175553,0.30577994517856755
0.5252276570568977,0.30413981528992434
0.5258458887962401,0.3062969324800019
0.5264641205355824,0.30179367617336894
0.5270823522749248,0.302195377695416
0.5277005840142672,0.3014947756609235
0.5283188157536096,0.3017478119843474
0.528937047492952,0.30037118021915293
0.5295552792322944,0.29767234697903405
0.5301735109716368,0.29895196557261566
0.5307917427109792,0.29811650570430653
0.5314099744503216,0.2969629152315176
0.532028206189664,0.29514086677182266
0.5326464379290063,0.2937215883305333
0.5332646696683487,0.2957070825314064
0.5338829014076911,0.2914313649677781
0.5345011331470335,0.29046283646357324
0.5351193648863759,0.2917586276604524
0.5357375966257183,0.2894083083865713
0.5363558283650607,0.2896595342013246
0.5369740601044031,0.2873033307482156
0.5375922918437455,0.2856706018229374
0.5382105235830879,0.28682118762616904
0.5388287553224302,0.2861844768061467
0.5394469870617726,0.28487895049959366
0.540065218801115,0.2845039072899728
0.5406834505404574,0.2836402958899542
0.5413016822797998,0.2827706693305409
0.5419199140191422,0.28139030315924946
0.5425381457584846,0.2773295979871783
0.543156377497827,0.2783153596603413
0.5437746092371694,0.27926872857913365
0.5443928409765117,0.278148467051623
0.5450110727158541,0.2777078716181009
0.5456293044551965,0.27726726761166187
0.5462475361945389,0.276820612900409
0.5468657679338813,0.27507762590181356
0.5474839996732238,0.27612897616172827
0.5481022314125661,0.27607132456859984
0.5487204631519086,0.27267975756839796
0.5493386948912509,0.27256062336727455
0.5499569266305934,0.2709788626097792
0.5505751583699356,0.2715964439497274
0.551193390109278,0.2707579237682551
0.5518116218486204,0.2685531760338429
0.5524298535879628,0.2681777519691131
0.5530480853273053,0.2672402995611044
0.5536663170666476,0.2663573777954421
0.5542845488059901,0.2658487170505097
0.5549027805453324,0.2659581161686787
0.5555210122846749,0.26472450391355995
0.5561392440240172,0.2642694652815902
0.5567574757633597,0.26381442285104184
0.5573757075027019,0.25998476168967743
0.5579939392420443,0.26252508256665275
0.5586121709813869,0.2623873045997979
0.5592304027207291,0.259035229490064
0.5598486344600717,0.25917117873626017
0.5604668661994139,0.2579299222050869
0.5610850979387565,0.2565714686707079
0.5617033296780987,0.2564328965919883
0.562321561417441,0.2552781677780865
0.5629397931567837,0.254142096630065
0.5635580248961258,0.25575721746049235
0.5641762566354684,0.254352025156104
0.5647944883748106,0.253076642455253
0.5654127201141532,0.25228775347236004
0.5660309518534954,0.251565392765807
0.566649183592838,0.25093678128582086
0.5672674153321804,0.25156074856059973
0.5678856470715228,0.24929008158203364
0.5685038788108652,0.24886019740761584
0.5691221105502076,0.25056089326390624
0.56974034228955,0.2494294979783689
0.5703585740288921,0.2453801796332823
0.5709768057682347,0.24700960015217502
0.5715950375075769,0.24622357009775067
0.5722132692469195,0.24610395442202865
0.5728315009862619,0.24616200213219985
0.5734497327256043,0.2452679496631809
0.5740679644649467,0.2443622187090876
0.5746861962042891,0.24366955222637954
0.5753044279436315,0.24329671481189694
0.5759226596829738,0.2418807638155125
0.5765408914223162,0.23993738766780326
0.5771591231616586,0.23723566372766214
0.577777354901001,0.23567099025125118
0.5783955866403434,0.23707060272867522
0.5790138183796858,0.23845619695939835
0.5796320501190282,0.2377315045955388
0.5802502818583706,0.23658567795588084
0.580868513597713,0.23623596129056926
0.5814867453370554,0.23589610432301958
0.5821049770763977,0.23527352166008844
0.5827232088157401,0.23462131263739255
0.5833414405550825,0.23407284610405485
0.5839596722944249,0.23243841312701732
0.5845779040337673,0.2304274252862235
0.5851961357731097,0.23233691877396948
0.5858143675124521,0.2320830870222606
0.5864325992517945,0.2316223527886905
0.5870508309911369,0.22834600005007416
0.5876690627304793,0.22870874856557427
0.5882872944698216,0.2277332491461239
0.588905526209164,0.2282687137877956
0.5895237579485064,0.22764038382410592
0.5901419896878488,0.22662198165748215
0.5907602214271912,0.22562136734811947
0.5913784531665336,0.22471564874170816
0.591996684905876,0.22600738162494088
0.5926149166452184,0.22358057310344162
0.5932331483845608,0.22341555315011175
0.5938513801239031,0.22396935574515972
0.5944696118632455,0.22565170445685961
0.5950878436025879,0.22251789800839517
0.5957060753419303,0.22009111273982154
0.5963243070812727,0.22023632179599106
0.5969425388206151,0.21801830557842072
0.5975607705599575,0.22072057236434361
0.5981790022992999,0.22026554153862715
0.5987972340386423,0.21981050696910448
0.5994154657779847,0.2188384405121877
0.600033697517327,0.2164756376751676
0.6006519292566694,0.2164149629459456
0.6012701609960118,0.21635428024583586
0.6018883927353542,0.21629359128576942
0.6025066244746966,0.2162329003610301
0.603124856214039,0.21573812337382478
0.6037430879533814,0.21417333119473955
0.6043613196927238,0.2122644981844862
0.6049795514320662,0.21184412123890253
0.6055977831714086,0.21384022355636548
0.6062160149107509,0.21310875926030204
0.6068342466500933,0.21152700596186286
0.6074524783894357,0.20839302441111848
0.6080707101287781,0.20756208412000768
0.6086889418681205,0.20735351893881868
0.6093071736074629,0.20714494981839288
0.6099254053468053,0.20693637562403697
0.6105436370861477,0.20672780147872238
0.6111618688254901,0.20717415512347045
0.6117801005648325,0.20546292525692963
0.6123983323041751,0.20512270645157712
0.6130165640435172,0.2050620179829087
0.6136347957828598,0.2049817766561225
0.614253027522202,0.20490722560599242
0.6148712592615444,0.20552245737366762
0.6154894910008868,0.2058756944735851
0.6161077227402292,0.20489753592202017
0.6167259544795716,0.2008501503358323
0.617344186218914,0.2006982627625258
0.6179624179582566,0.2022693877118735
0.6185806496975987,0.20257229789400727
0.6191988814369414,0.20182151553596273
0.6198171131762835,0.2010654441575071
0.6204353449156261,0.2001083923192991
0.6210535766549683,0.1991302213714438
0.6216718083943109,0.19919212140340087
0.6222900401336533,0.1995956618485264
0.6229082718729955,0.19848735143124535
0.6235265036123381,0.19750675618966795
0.6241447353516802,0.1947045239954322
0.6247629670910229,0.1953743190751592
0.625381198830365,0.19602433683685086
0.6259994305697076,0.19631047836788204
0.62661766230905,0.1958901654783517
0.6272358940483924,0.1953184857837176
0.6278541257877348,0.1947024738845011
0.6284723575270772,0.19346217466103563
0.6290905892664196,0.19277925909102234
0.629708821005762,0.1924758954627411
0.6303270527451044,0.192182290666225
0.6309452844844465,0.19189589554189287
0.6315635162237891,0.1924493416285107
0.6321817479631315,0.1898145747484204
0.6327999797024739,0.1901488641064195
0.6334182114418163,0.1890362027829281
0.6340364431811587,0.18943764538848745
0.6346546749205011,0.18826401001155665
0.6352729066598435,0.18708310508385892
0.6358911383991859,0.18590220134604502
0.6365093701385283,0.18726306444633622
0.6371276018778707,0.18740197163888844
0.637745833617213,0.18671223653145155
0.6383640653565554,0.18603835154951281
0.6389822970958978,0.18536446501790219
0.6396005288352402,0.1849354464822117
0.6402187605745826,0.18459958013036407
0.640836992313925,0.18432017493074485
0.6414552240532674,0.18406633781838685
0.6420734557926098,0.18320776437938818
0.6426916875319522,0.18266063325427778
0.6433099192712946,0.18229462578714048
0.6439281510106369,0.1819592369746471
0.6445463827499793,0.1817290022961226
0.6451646144893217,0.18149876991864156
0.6457828462286641,0.1812611386936225
0.6464010779680065,0.18098776805024056
0.6470193097073489,0.18051785514379282
0.6476375414466913,0.17900070721703135
0.6482557731860337,0.17890073150181243
0.6488740049253761,0.1781679153949802
0.6494922366647184,0.17762078091781136
0.6501104684040608,0.17721054396748426
0.6507287001434032,0.17698030829055236
0.6513469318827456,0.176750071931836
0.651965163622088,0.17562799249341157
0.6525833953614304,0.17527941397180352
0.6532016271007728,0.17520762531928508
0.6538198588401152,0.1751358365253475
0.6544380905794576,0.17506404842641127
0.6550563223188,0.17499226185610867
0.6556745540581423,0.17418991091827263
0.6562927857974847,0.17313122814954354
0.6569110175368271,0.1731609071079152
0.6575292492761695,0.17192107278040009
0.6581474810155119,0.1717542168440365
0.6587657127548543,0.17158736132675487
0.6593839444941967,0.17138184872873743
0.6600021762335391,0.17114681031694376
0.6606204079728815,0.17076945215244066
0.6612386397122239,0.16997805974616786
0.6618568714515662,0.16955769202202683
0.6624751031909086,0.16913732856058505
0.663093334930251,0.1688212622989008
0.6637115666695934,0.1686399668297117
0.6643297984089358,0.16846656331972576
0.6649480301482782,0.16821195890642315
0.6655662618876206,0.16779158891740464
0.6661844936269632,0.16709341620908313
0.6668027253663054,0.16632060505723884
0.6674209571056477,0.16708337900944592
0.6680391888449901,0.16525064250195898
0.6686574205843325,0.16430882783673972
0.6692756523236749,0.16455570219824758
0.6698938840630173,0.16500452639883675
0.6705121158023597,0.16474651694549294
0.6711303475417021,0.16418495434707317
0.6717485792810447,0.16362338902817689
0.6723668110203869,0.16306182594197274
0.6729850427597295,0.1627844355082771
0.6736032744990716,0.16250268188476336
0.6742215062384143,0.16143630925630345
0.6748397379777564,0.1609451653329007
0.6754579697170988,0.16045402199845074
0.6760762014564412,0.15906947651106132
0.6766944331957836,0.1610547524350841
0.6773126649351262,0.15963984168902615
0.6779308966744684,0.1592511229454425
0.678549128413811,0.15886240842458227
0.6791673601531532,0.15847369320237842
0.6797855918924958,0.1579332561281725
0.6804038236318379,0.15663651468947895
0.6810220553711805,0.15548709023884308
0.6816402871105229,0.15540085466750023
0.6822585188498653,0.155314619512915
0.6828767505892077,0.15522838556268526
0.6834949823285499,0.1551421515911281
0.6841132140678925,0.15478055166580434
0.6847314458072347,0.15295143534942202
0.6853496775465773,0.15258446682398646
0.6859679092859197,0.1523397826334064
0.686586141025262,0.1533855502709409
0.6872043727646044,0.1543257267012674
0.6878226045039468,0.1532110291675776
0.6884408362432892,0.1514412673961187
0.6890590679826316,0.15094997355594336
0.689677299721974,0.1509230650362163
0.6902955314613164,0.15089441773334236
0.6909137632006588,0.1508824170538978
0.6915319949400012,0.15087530836477306
0.6921502266793436,0.15084666534300986
0.692768458418686,0.1508180223212467
0.6933866901580283,0.15078937698517936
0.6940049218973707,0.1507607315798923
0.6946231536367131,0.14995227387797253
0.6952413853760555,0.1497428201769634
0.6958596171153979,0.14952344064118775
0.6964778488547403,0.14912871678690642
0.6970960805940827,0.14847456808667486
0.6977143123334251,0.1473993313644263
0.6983325440727675,0.14492659977428768
0.6989507758121098,0.14625033686849664
0.6995690075514522,0.14644448523767092
0.7001872392907946,0.14628623135333968
0.700805471030137,0.14611827296391394
0.7014237027694794,0.14584832228754785
0.7020419345088218,0.14540318889375586
0.7026601662481642,0.14495805432864511
0.7032783979875066,0.14454552723480227
0.703896629726849,0.1442174089307512
0.7045148614661914,0.143889291026595
0.7051330932055337,0.14356117358429535
0.7057513249448761,0.14341992630423603
0.7063695566842185,0.14379870836132289
0.7069877884235609,0.14417749073421982
0.7076060201629033,0.14380143451164246
0.7082242519022457,0.14322954453206452
0.7088424836415881,0.14265765859485477
0.7094607153809305,0.1420857757805138
0.7100789471202729,0.14151392476823782
0.7106971788596153,0.14040124630145415
0.7113154105989576,0.1393471235831498
0.7119336423383,0.13838723555748897
0.7125518740776424,0.13743097247852465
0.7131701058169848,0.13760286091120838
0.7137883375563272,0.13875524886235896
0.7144065692956696,0.13940635478384292
0.715024801035012,0.13921907513752105
0.7156430327743544,0.13903861775116774
0.7162612645136968,0.13885906884853852
0.7168794962530392,0.13867392497695655
0.7174977279923815,0.13848664121669219
0.7181159597317239,0.13829935880486666
0.7187341914710663,0.13742911352600773
0.7193524232104087,0.1367565773733799
0.7199706549497511,0.13664173479778274
0.7205888866890935,0.13652689126499373
0.7212071184284359,0.13641452981903077
0.7218253501677783,0.13630742875667387
0.7224435819071207,0.1358699549153086
0.723061813646463,0.1353502828670882
0.7236800453858054,0.13489741411469577
0.7242982771251478,0.13455324827651025
0.7249165088644902,0.13421739141814523
0.7255347406038328,0.13388153413693418
0.726152972343175,0.13354567540976256
0.7267712040825176,0.13279361802411913
0.7273894358218598,0.13400601889568312
0.7280076675612022,0.13347515513922392
0.7286258993005446,0.13294253860904529
0.729244131039887,0.13240565341965166
0.7298623627792293,0.13197686316348645
0.7304805945185717,0.1316055827375661
0.7310988262579143,0.13076237136064658
0.7317170579972565,0.13063516950286277
0.7323352897365991,0.130502240880125
0.7329535214759413,0.13036931225738738
0.7335717532152839,0.1302380169236513
0.7341899849546261,0.12960597129447218
0.7348082166939687,0.1288996030343878
0.7354264484333108,0.12818838804508922
0.7360446801726532,0.1293969188757562
0.7366629119119958,0.12893802799096954
0.737281143651338,0.12800708464747354
0.7378993753906806,0.12737236467290963
0.7385176071300228,0.1272635756022988
0.7391358388693654,0.12715928531532356
0.7397540706087076,0.12705499502834838
0.7403723023480502,0.1269422133987129
0.7409905340873926,0.12673616522361936
0.741608765826735,0.12641734476186614
0.7422269975660774,0.12592042265946113
0.7428452293054197,0.12496053649919288
0.7434634610447621,0.125407224645449
0.7440816927841043,0.12443650822380917
0.7446999245234469,0.12368608411385656
0.7453181562627893,0.12309634301353728
0.7459363880021317,0.12251070471686802
0.7465546197414741,0.12192506642019874
0.7471728514808165,0.12331387283804907
0.7477910832201589,0.12310368845764406
0.7484093149595012,0.12289350407723906
0.7490275466988436,0.12260269239402394
0.749645778438186,0.12222350136611394
0.7502640101775284,0.12184431033820393
0.7508822419168708,0.12146609522952811
0.7515004736562132,0.12125471816567598
0.7521187053955556,0.12109160399409512
0.752736937134898,0.12092643450566934
0.7533551688742404,0.12075385239396225
0.7539734006135828,0.12051549874392666
0.7545916323529251,0.12027714579557405
0.7552098640922675,0.12005348646355382
0.7558280958316099,0.11986634733279904
0.7564463275709523,0.11967920839817499
0.7570645593102947,0.1194920700287744
0.7576827910496371,0.11857919252731944
0.7583010227889795,0.11807927788195194
0.7589192545283219,0.11757936207432398
0.7595374862676643,0.117079446266696
0.7601557180070067,0.11657953037895209
0.760773949746349,0.11775502569136549
0.7613921814856914,0.11718434240873653
0.7620104132250338,0.1166426235953104
0.7626286449643762,0.11609698158348453
0.7632468767037186,0.11555133957165864
0.763865108443061,0.11534474430229676
0.7644833401824034,0.11566580902745349
0.7651015719217458,0.11598687449800758
0.7657198036610882,0.11585342640210854
0.7663380354004306,0.11543274465249838
0.7669562671397729,0.11501514499345276
0.7675744988791153,0.11464717202159364
0.7681927306184577,0.11445951921868294
0.7688109623578001,0.1142684529741364
0.7694291940971425,0.11407738672958988
0.7700474258364849,0.11377850721324168
0.7706656575758273,0.11345573478299228
0.7712838893151697,0.11321949322664207
0.7719021210545121,0.11302841807723996
0.7725203527938544,0.11283734226761497
0.7731385845331968,0.11254127343377869
0.7737568162725392,0.11194459963418059
0.7743750480118816,0.111259661628356
0.774993279751224,0.1105715891309802
0.7756115114905664,0.1107521490671773
0.7762297432299088,0.11106993584783179
0.7768479749692512,0.11134223044072745
0.7774662067085936,0.11111476546204271
0.778084438447936,0.11088730048335797
0.7787026701872783,0.11065983550467323
0.7793209019266207,0.1104295486301282
0.7799391336659631,0.1101988049868092
0.7805573654053055,0.10988829628367215
0.7811755971446479,0.10929176464721188
0.7817938288839903,0.1091322824268197
0.7824120606233327,0.1089806075152693
0.7830302923626751,0.10882839236401003
0.7836485241020175,0.10866949668160399
0.7842667558413599,0.10808591297075928
0.7848849875807025,0.10748824618406756
0.7855032193200446,0.10689057962987912
0.7861214510593872,0.10657005495904827
0.7867396827987294,0.10702867691963282
0.787357914538072,0.10711952768818969
0.7879761462774142,0.10668030196776163
0.7885943780167566,0.10624107543226273
0.789212609756099,0.10580184889676386
0.7898308414954414,0.10536262236126497
0.790449073234784,0.10521621687508582
0.7910673049741261,0.10540144642946352
0.7916855367134688,0.10558667598384136
0.7923037684528109,0.10577115779507416
0.7929220001921535,0.10595361062186599
0.7935402319314957,0.1055470379694292
0.7941584636708383,0.10431669961617426
0.7947766954101805,0.10392821962911832
0.7953949271495231,0.10338355604195068
0.7960131588888655,0.10304302479967725
0.7966313906282076,0.1029457029202108
0.7972496223675503,0.10284683043691559
0.7978678541068924,0.10274673007986847
0.798486085846235,0.10264662972282129
0.7991043175855772,0.1025465293657742
0.7997225493249198,0.10232036741559146
0.8003407810642622,0.10202580325742067
0.8009590128036046,0.10173123909924986
0.801577244542947,0.10143667494107905
0.8021954762822894,0.10113976130622802
0.8028137080216318,0.10084242282294548
0.8034319397609742,0.10054508433966294
0.8040501715003165,0.10088804383601997
0.8046684032396589,0.10202643329711315
0.8052866349790013,0.10142597701889998
0.8059048667183437,0.10082552074068682
0.8065230984576861,0.10022506446247367
0.8071413301970285,0.09962460919784422
0.8077595619363709,0.09904315026338659
0.8083777936757133,0.09875958832280499
0.8089960254150557,0.09847602638222337
0.809614257154398,0.09830812467400799
0.8102324888937404,0.09822073324870237
0.8108507206330828,0.09813334182339682
0.8114689523724252,0.09804595039809122
0.8120871841117676,0.09795663652471509
0.81270541585111,0.09786686448287893
0.8133236475904524,0.09773655617092902
0.8139418793297948,0.09726048031106235
0.8145601110691372,0.09678556860586728
0.8151783428084796,0.09636359081536283
0.815796574547822,0.09553933221549633
0.8164148062871643,0.09549343759376305
0.8170330380265067,0.09544640156196528
0.8176512697658491,0.09539812618802733
0.8182695015051915,0.09534985081408937
0.8188877332445339,0.09530157544015141
0.8195059649838763,0.09525330012538384
0.8201241967232187,0.0952050251186138
0.8207424284625611,0.09515675011184374
0.8213606602019035,0.0951084751050737
0.8219788919412458,0.09495532097625779
0.8225971236805882,0.09470458692146035
0.8232153554199306,0.09445385269608672
0.823833587159273,0.09424095991923755
0.8244518188986154,0.0940414396736959
0.8250700506379578,0.09384083833923187
0.8256882823773002,0.09328439921090653
0.8263065141166426,0.09286211559893517
0.826924745855985,0.09275015973706467
0.8275429775953274,0.09263820387519416
0.8281612093346697,0.09252810048868826
0.8287794410740121,0.09241820782048608
0.8293976728133545,0.09225508384253146
0.8300159045526969,0.09182509317131303
0.8306341362920393,0.09139510174628505
0.8312523680313817,0.09096510977447302
0.8318705997707241,0.09103992058371584
0.8324888315100665,0.09126588237739063
0.8331070632494089,0.09149130570625674
0.8337252949887513,0.09171520686255126
0.8343435267280936,0.09136633811423253
0.834961758467436,0.09083186263335984
0.8355799902067784,0.09029738715248711
0.8361982219461208,0.08976291051019944
0.8368164536854632,0.08922843319912291
0.8374346854248056,0.08897138217147844
0.838052917164148,0.08978814243138
0.8386711489034904,0.09041336375157435
0.8392893806428328,0.09001792369501764
0.8399076123821752,0.08962248363846091
0.8405258441215175,0.08922704358190421
0.8411440758608599,0.08883160352534748
0.8417623076002023,0.08843629472098423
0.8423805393395447,0.08818666288276714
0.8429987710788871,0.08809482786419152
0.8436170028182295,0.08800299284561593
0.8442352345575721,0.08791115782704029
0.8448534662969143,0.08781851708880253
0.8454716980362569,0.08772487532615889
0.846089929775599,0.08763123356351528
0.8467081615149417,0.08715418484560239
0.8473263932542838,0.08667423378465931
0.8479446249936262,0.08619428280154019
0.8485628567329686,0.08655515946160705
0.849181088472311,0.0869626727978549
0.8497993202116536,0.08659972907704394
0.8504175519509958,0.08623678535623322
0.8510357836903384,0.0858729246155579
0.8516540154296806,0.0855170676307898
0.8522722471690232,0.08538410908873145
0.8528904789083653,0.08525115054667319
0.853508710647708,0.08511819200461483
0.8541269423870501,0.08498523419245849
0.8547451741263927,0.08484035072750996
0.8553634058657351,0.08458416598940141
0.8559816376050775,0.08432798125129283
0.8565998693444199,0.08407179501367361
0.8572181010837621,0.08381560566777842
0.8578363328231047,0.08355941748649112
0.8584545645624468,0.08265199433015301
0.8590727963017895,0.0825900683350728
0.8596910280411318,0.08252814233999263
0.8603092597804742,0.08246621634491247
0.8609274915198166,0.08240309271664592
0.861545723259159,0.08233974894359987
0.8621639549985014,0.0822764051705538
0.8627821867378438,0.08221306139750774
0.8634004184771862,0.08214971762446169
0.8640186502165286,0.08207414806474468
0.864636881955871,0.0819662076839231
0.8652551136952134,0.08185826730310153
0.8658733454345557,0.08175032692227993
0.8664915771738981,0.08164238654145833
0.8671098089132405,0.08153437677256313
0.8677280406525829,0.08133177886386718
0.8683462723919253,0.08099368533573001
0.8689645041312677,0.08043278827240326
0.8695827358706101,0.07987973631200929
0.8702009676099525,0.07973479597598428
0.8708191993492949,0.07958922594744001
0.8714374310886372,0.0794430185093789
0.8720556628279796,0.07929681107131778
0.872673894567322,0.07915060363325666
0.8732921263066644,0.07900439619519553
0.8739103580460068,0.07885818875713442
0.8745285897853492,0.07871278769167907
0.8751468215246916,0.07934146138872478
0.875765053264034,0.07809794408842445
0.8763832850033764,0.07782046923882821
0.8770015167427188,0.07775400024398214
0.8776197484820611,0.0776873282022573
0.8782379802214035,0.07761845230584347
0.8788562119607459,0.07754957640942964
0.8794744437000883,0.07748070051301581
0.8800926754394307,0.07741182461660197
0.8807109071787731,0.07734294872018813
0.8813291389181155,0.07726305937562504
0.8819473706574579,0.07713212079652862
0.8825656023968003,0.07700127872464542
0.8831838341361427,0.07687043665276216
0.883802065875485,0.07673959458087894
0.8844202976148274,0.0766087525089957
0.8850385293541698,0.0764778478253437
0.8856567610935122,0.07634586463313404
0.8862749928328546,0.07621388144092439
0.886893224572197,0.07608189824871475
0.8875114563115394,0.07594991505650509
0.8881296880508818,0.07569190272246482
0.8887479197902242,0.07543188564531762
0.8893661515295666,0.0751420536356033
0.8899843832689089,0.07474016285114152
0.8906026150082513,0.07433827206667976
0.8912208467475937,0.07393638128221797
0.8918390784869361,0.07449260934331324
0.8924573102262785,0.0743254537824832
0.8930755419656209,0.07415871955691437
0.8936937737049633,0.0739925954668389
0.8943120054443057,0.0738264713767634
0.8949302371836481,0.07366034728668791
0.8955484689229904,0.07349422319661242
0.8961667006623328,0.07332809910653691
0.8967849324016752,0.0731617279515335
0.8974031641410176,0.0728457517414129
0.89802139588036,0.07250422505588172
0.8986396276197024,0.07216269837035057
0.899257859359045,0.07182117168481925
0.8998760910983872,0.07194062673182862
0.9004943228377296,0.0724682790757952
0.901112554577072,0.07216167490857851
0.9017307863164143,0.07184335367158085
0.9023490180557567,0.07152503243458319
0.9029672497950991,0.07120671119758552
0.9035854815344417,0.07096091632212516
0.9042037132737839,0.07084718362841613
0.9048219450131265,0.07073345093470702
0.9054401767524687,0.07062063471424707
0.9060584084918113,0.07050784081413553
0.9066766402311535,0.07039504691402407
0.9072948719704961,0.06993539473869428
0.9079131037098382,0.06953241464069349
0.9085313354491806,0.06945915164296337
0.9091495671885232,0.06938542017714724
0.9097677989278654,0.0693112180002688
0.910386030667208,0.06923701582339033
0.9110042624065502,0.06916281364651188
0.9116224941458928,0.06908861146963341
0.912240725885235,0.06901440929275496
0.9128589576245776,0.06881947564774141
0.9134771893639198,0.06820478617567716
0.9140954211032624,0.06812349756540058
0.9147136528426048,0.06804844238405097
0.9153318845819471,0.06797338720270132
0.9159501163212895,0.06789833202135169
0.9165683480606317,0.06782327684000208
0.9171865797999743,0.06774822165865245
0.9178048115393165,0.06767369536050885
0.9184230432786591,0.06759949511499043
0.9190412750180015,0.06752040525374804
0.9196595067573439,0.06743869448255645
0.9202777384966863,0.06735698371136485
0.9208959702360286,0.06727527294017328
0.921514201975371,0.06719356216898169
0.9221324337147134,0.06711113779629554
0.9227506654540558,0.06702857010987116
0.9233688971933982,0.06694600242344677
0.9239871289327406,0.06656441713404546
0.924605360672083,0.06618484434558067
0.9252235924114254,0.06608844732751414
0.9258418241507678,0.06599205030944762
0.9264600558901102,0.06589565327412039
0.9270782876294525,0.06579925623267933
0.9276965193687949,0.06570285919123828
0.9283147511081373,0.06560646214979723
0.9289329828474797,0.06548269855051092
0.9295512145868221,0.06529027529041781
0.9301694463261645,0.06509785203032473
0.9307876780655069,0.06490492341294578
0.9314059098048493,0.06467091035021102
0.9320241415441917,0.06440728443318973
0.932642373283534,0.0641436585161684
0.9332606050228764,0.06392102077749973
0.9338788367622188,0.06370860887490841
0.9344970685015612,0.0634961969723171
0.9351153002409036,0.06333763807085366
0.935733531980246,0.06325897162072973
0.9363517637195884,0.06318030517060581
0.9369699954589308,0.06310163872048188
0.9375882271982732,0.06302297227035797
0.9382064589376156,0.06294430582023405
0.938824690676958,0.06286563937011011
0.9394429224163003,0.06278675128692913
0.9400611541556427,0.06268722099733567
0.9406793858949851,0.0625554268745272
0.9412976176343275,0.062423632751718736
0.9419158493736699,0.06229183862891026
0.9425340811130123,0.062160044506101804
0.9431523128523547,0.062020451734294914
0.9437705445916971,0.06182651370851037
0.9443887763310395,0.06163289075426184
0.9450070080703818,0.06143967564660509
0.9456252398097242,0.061202103971880646
0.9462434715490666,0.06090327141559115
0.946861703288409,0.06060443885930165
0.9474799350277514,0.06047982528962896
0.9480981667670938,0.06036445307625018
0.9487163985064362,0.06024908082157498
0.9493346302457788,0.06013370735939604
0.949952861985121,0.060018333897217176
0.9505710937244634,0.05990699904855242
0.9511893254638057,0.05984054592111248
0.9518075572031484,0.05977409279367252
0.9524257889424905,0.05970763966623258
0.9530440206818329,0.05964118653879264
0.9536622524211755,0.059574278567325945
0.9542804841605177,0.05950710381440389
0.9548987158998601,0.05943992906148182
0.9555169476392025,0.05937275430855975
0.9561351793785451,0.05930557955563764
0.9567534111178873,0.059134624917685896
0.9573716428572296,0.0589406970461821
0.9579898745965723,0.05874676917467823
0.9586081063359146,0.058564945390966745
0.9592263380752568,0.05847277450421763
0.9598445698145992,0.05838060361746851
0.9604628015539418,0.05828843273071935
0.961081033293284,0.058196261843970254
0.9616992650326264,0.05810409095722114
0.9623174967719688,0.058011920070472
0.9629357285113114,0.057918055419372436
0.9635539602506535,0.05770492207639249
0.9641721919899959,0.05749178873341244
0.9647904237293385,0.05727865539043234
0.9654086554686809,0.057034064799208445
0.9660268872080231,0.05676972021554265
0.9666451189473655,0.056505375631876756
0.9672633506867081,0.056375450524481674
0.9678815824260505,0.056272062936023715
0.9684998141653927,0.05616867526453892
0.9691180459047353,0.056065287593054035
0.9697362776440777,0.055961899921569185
0.9703545093834198,0.055858512250084376
0.9709727411227622,0.05576877255502972
0.9715909728621048,0.0557043272878036
0.9722092046014472,0.055639881995097826
0.9728274363407894,0.055575436456531575
0.973445668080132,0.05551099091796527
0.9740638998194744,0.05544654537939899
0.9746821315588168,0.05538209984083271
0.975300363298159,0.05531765430226645
0.9759185950375016,0.05525320876370016
0.976536826776844,0.055188763225133865
0.9771550585161861,0.054793279583967854
0.9777732902555285,0.054405051464570656
0.9783915219948711,0.05435129797493558
0.9790097537342135,0.05429754448530054
0.9796279854735557,0.05424379099566552
0.9802462172128983,0.05419003750603045
0.9808644489522407,0.054136284016395406
0.9814826806915831,0.05408253052676037
0.9821009124309252,0.054028777074537286
0.9827191441702678,0.05397502368795711
0.9833373759096102,0.05392127030137695
0.9839556076489526,0.05386751691479679
0.984573839388295,0.053799143018486754
0.9851920711276374,0.053620799100476395
0.9858103028669798,0.053442455182466035
0.986428534606322,0.05326411126445574
0.9870467663456646,0.05309211243662965
0.987664998085007,0.05297535255784566
0.9882832298243494,0.05285859267906167
0.9889014615636917,0.05274183280027767
0.9895196933030341,0.05262507292149367
0.9901379250423765,0.05250831304270967
0.9907561567817189,0.05238784886325291
0.9913743885210613,0.0522553903377979
0.9919926202604037,0.052123148378722735
0.9926108519997461,0.05199135887230805
0.9932290837390885,0.051859569365893345
0.9938473154784309,0.051727779859478656
0.9944655472177732,0.05155072462452743
0.9950837789571156,0.051373048872227475
0.995702010696458,0.05119537311992752
0.9963202424358004,0.05101769736762758
0.9969384741751428,0.050926122595037225
0.9975567059144852,0.050836537734941276
0.9981749376538276,0.05074695287484533
0.99879316939317,0.05065736801474939
0.9994114011325124,0.05056778315465345
1.0000296328718548,0.050478198294557505
1.0006478646111971,0.05038861343446156
1.0012660963505395,0.050279277483473904
1.001884328089882,0.05015466864251213
1.0025025598292243,0.050030500421037
1.0031207915685667,0.04990633219956187
1.003739023307909,0.049782163978086734
1.0043572550472517,0.04965809594290814
1.0049754867865939,0.04956913202548228
1.0055937185259363,0.04948016810805638
1.0062119502652787,0.049391204190630485
1.006830182004621,0.049302076878468104
1.0074484137439634,0.049212495734663644
1.0080666454833058,0.049122914590859185
1.0086848772226484,0.04903333344705469
1.0093031089619906,0.04890624419630383
1.009921340701333,0.04875328407837855
1.0105395724406754,0.0486003239604533
1.011157804180018,0.048447363842527985
1.0117760359193602,0.04829440372460277
1.0123942676587026,0.04751770848864289
1.0130124993980452,0.047439861719746214
1.0136307311373873,0.04736201495084961
1.0142489628767297,0.04728416818195297
1.014867194616072,0.04720632141305632
1.0154854263554147,0.04712847464415965
1.016103658094757,0.04705062787526303
1.0167218898340993,0.046972781106366386
1.0173401215734417,0.04689493432649955
1.0179583533127843,0.04680572013588194
1.0185765850521264,0.04671154341884561
1.0191948167914688,0.04661736670180926
1.0198130485308115,0.046523189984772874
1.0204312802701538,0.04642901326773651
1.021049512009496,0.046334836550700205
1.0216677437488384,0.046240659833663836
1.022285975488181,0.04615602037995444
1.0229042072275232,0.04607760126965642
1.0235224389668656,0.04599918215935837
1.0241406707062082,0.045920763049060294
1.0247589024455506,0.04584234393876223
1.0253771341848927,0.04576392482846421
1.0259953659242351,0.045685505718166146
1.0266135976635777,0.045607086607868066
1.0272318294029201,0.045520239943343165
1.0278500611422623,0.04540932653990495
1.028468292881605,0.045298617189619944
1.0290865246209473,0.04518790783933497
1.0297047563602895,0.04507719848905004
1.0303229880996319,0.04496648913876506
1.0309412198389745,0.04485961007859997
1.0315594515783169,0.044796435961652614
1.032177683317659,0.044733261844705295
1.0327959150570016,0.044669906575734795
1.033414146796344,0.04460615869873012
1.0340323785356864,0.04454241082172544
1.0346506102750286,0.0444786629447208
1.0352688420143712,0.04441491506771609
1.0358870737537136,0.04435116719071141
1.036505305493056,0.04428741931370674
1.0371235372323984,0.04417632801673306
1.0377417689717408,0.04387490341250325
1.0383600007110831,0.043573478977042036
1.0389782324504253,0.04342269067720695
1.039596464189768,0.043327943764256326
1.0402146959291103,0.04323319685130575
1.0408329276684527,0.04313844993835518
1.0414511594077949,0.04304370302540463
1.0420693911471375,0.042948956112454015
1.0426876228864799,0.04285420919950344
1.0433058546258223,0.042767429471283876
1.0439240863651646,0.04268539873221214
1.044542318104507,0.042603367993140386
1.0451605498438494,0.04252133725406864
1.0457787815831916,0.042439306514996916
1.0463970133225342,0.04235727577592513
1.0470152450618766,0.04227524503685338
1.047633476801219,0.04219321429778163
1.0482517085405614,0.04211118358705664
1.0488699402799038,0.04202893602609356
1.0494881720192462,0.04194637124416088
1.0501064037585885,0.04186380646222819
1.050724635497931,0.04178124168029551
1.0513428672372733,0.041698676898362826
1.0519610989766157,0.04161611211643015
1.052579330715958,0.04153354733449746
1.0531975624553005,0.04136215682238347
1.0538157941946429,0.04112357925671997
1.0544340259339853,0.04088524725919528
1.0550522576733277,0.040724049596644364
1.05567048941267,0.040645632209013356
1.0562887211520124,0.040567214821382355
1.0569069528913548,0.04048879743375135
1.0575251846306972,0.04041038004612035
1.0581434163700396,0.04033196265848936
1.058761648109382,0.04025354527085836
1.0593798798487246,0.04017512788322733
1.0599981115880668,0.040095859809134486
1.0606163433274092,0.040016408574193425
1.0612345750667516,0.03993695733925237
1.0618528068060942,0.03985750610431129
1.0624710385454363,0.03977805486937026
1.0630892702847787,0.03969860363442921
1.0637075020241213,0.03961915239948813
1.0643257337634637,0.039539701164547074
1.064943965502806,0.03946024992960605
1.0655621972421483,0.03938865615461061
1.066180428981491,0.03931909193438513
1.066798660720833,0.0392495277141597
1.0674168924601755,0.03917996349393425
1.068035124199518,0.03911039927370877
1.0686533559388605,0.03904083505348332
1.0692715876782026,0.03897127083325788
1.069889819417545,0.03890170661303243
1.0705080511568876,0.03883214239280696
1.07112628289623,0.03865555370436069
1.0717445146355722,0.03838881089697704
1.0723627463749148,0.0381220680895932
1.0729809781142572,0.03800367214292546
1.0735992098535996,0.03793119222889363
1.0742174415929417,0.03785871231486184
1.0748356733322844,0.03778623240082999
1.0754539050716267,0.03771375248679816
1.076072136810969,0.03764127257276636
1.0766903685503115,0.037568453623623
1.077308600289654,0.03749547587587655
1.0779268320289963,0.03742249812813012
1.0785450637683385,0.03727378236004839
1.079163295507681,0.037107142950904254
1.0797815272470235,0.036940503541760164
1.0803997589863659,0.03677386413261608
1.081017990725708,0.03663360080084475
1.0816362224650506,0.036521285909598245
1.082254454204393,0.03640897105458216
1.0828726859437352,0.0362966562480721
1.0834909176830778,0.03618434144156198
1.0841091494224202,0.03607202663505191
1.0847273811617626,0.03597653404624842
1.0853456129011048,0.0359185436608411
1.0859638446404474,0.03586055327543376
1.0865820763797898,0.035802562890026424
1.0872003081191322,0.0357445725046191
1.0878185398584745,0.035686582073598004
1.088436771597817,0.035628591426209215
1.0890550033371593,0.035570600778820426
1.0896732350765017,0.035512610131431636
1.090291466815844,0.03545461948404285
1.0909096985551865,0.03539662883665406
1.0915279302945289,0.035284107594279294
1.0921461620338713,0.03511746793968456
1.0927643937732137,0.034950828285089816
1.093382625512556,0.03478418863049507
1.0940008572518984,0.03463659440642834
1.0946190889912408,0.034576474568025144
1.0952373207305832,0.034516354729621945
1.0958555524699256,0.03445623489121875
1.096473784209268,0.03439611505281555
1.0970920159486104,0.03433599521441235
1.0977102476879528,0.03427587537600915
1.0983284794272952,0.03421575553760595
1.0989467111666376,0.03415563569920276
1.09956494290598,0.034095204539432516
1.1001831746453223,0.0340346180926211
1.1008014063846647,0.03398163522091553
1.1014196381240071,0.033932233483936376
1.1020378698633495,0.033882831746957234
1.102656101602692,0.03383343000997808
1.1032743333420343,0.03378402827299893
1.1038925650813767,0.03373462653601978
1.104510796820719,0.033685224799040625
1.1051290285600615,0.03363587213046982
1.1057472602994038,0.033586936393841936
1.1063654920387462,0.03353800065721405
1.1069837237780886,0.03348906492058617
1.1076019555174312,0.03344012918395827
1.1082201872567734,0.03338599413436993
1.1088384189961158,0.033321211034280866
1.1094566507354582,0.033256427934191805
1.1100748824748008,0.033191644834102724
1.110693114214143,0.033126861734013684
1.1113113459534854,0.03306130950636412
1.111929577692828,0.032995623506812
1.1125478094321701,0.03292993750725993
1.1131660411715125,0.03286425150770784
1.113784272910855,0.03279856550815575
1.1144025046501975,0.032681157703636846
1.1150207363895397,0.03249968565164379
1.115638968128882,0.03231821359965067
1.1162571998682247,0.03213674154765748
1.116875431607567,0.031998992144243864
1.1174936633469092,0.03191906874823073
1.1181118950862516,0.03183915345797522
1.1187301268255943,0.0317592381677197
1.1193483585649364,0.03167932287746424
1.1199665903042788,0.03159940758720874
1.1205848220436212,0.03151949229695324
1.1212030537829638,0.031439577006697715
1.121821285522306,0.031358947988232494
1.1224395172616484,0.03127151737516853
1.123057749000991,0.031184086311509783
1.1236759807403334,0.031096654624543175
1.1242942124796755,0.031009222937576585
1.124912444219018,0.030921791250609964
1.1255306759583605,0.03083435956364332
1.126148907697703,0.03074692787667671
1.126767139437045,0.030669567505520186
1.1273853711763877,0.03060898282599894
1.12800360291573,0.030548398146477723
1.1286218346550723,0.03048781346695652
1.1292400663944147,0.03042722869902838
1.1298582981337573,0.03036664391643063
1.1304765298730997,0.03030605913383291
1.1310947616124418,0.0302454743512352
1.1317129933517844,0.030184889568637463
1.1323312250911268,0.03012430478603973
1.1329494568304692,0.030063720003442006
1.1335676885698114,0.02998303217380012
1.134185920309154,0.0298995030384636
1.1348041520484964,0.029815844992381962
1.1354223837878386,0.029731880022463714
1.136040615527181,0.02964791505254544
1.1366588472665236,0.029563950082627143
1.137277079005866,0.02947998511270887
1.137895310745208,0.02939602014279063
1.1385135424845507,0.029305168140517247
1.1391317742238931,0.029213077259396064
1.1397500059632355,0.029120986378274878
1.1403682377025777,0.029028895497153723
1.1409864694419203,0.02893680448358191
1.1416047011812627,0.028844713291125066
1.142222932920605,0.02875262209866821
1.1428411646599475,0.028672058230865924
1.1434593963992898,0.028606375533088497
1.1440776281386322,0.02854069283531107
1.1446958598779744,0.028475010137533674
1.145314091617317,0.028409327439756216
1.1459323233566594,0.028343644741978792
1.1465505550960018,0.028277962044201372
1.1471687868353442,0.028212051675297313
1.1477870185746866,0.028145958814636628
1.148405250314029,0.02807986595397595
1.1490234820533713,0.02801084088095272
1.1496417137927137,0.02793946585126942
1.1502599455320561,0.027868090821586117
1.1508781772713985,0.027796715791902828
1.151496409010741,0.02772534076221952
1.1521146407500833,0.027653965732536232
1.1527328724894257,0.02758259070285293
1.153351104228768,0.02751137072901703
1.1539693359681105,0.027440407781246665
1.1545875677074529,0.02733251916747777
1.1552057994467952,0.02713480170376411
1.1558240311861376,0.026937084240050445
1.15644226292548,0.02673936677633678
1.1570604946648224,0.026637903290873944
1.1576787264041648,0.026604498728241794
1.1582969581435072,0.026571094165609644
1.1589151898828496,0.026537689602977498
1.159533421622192,0.026504076833564802
1.1601516533615344,0.026470260731852713
1.1607698851008768,0.026436444630140624
1.1613881168402191,0.02640262852842854
1.1620063485795615,0.026368812426716456
1.1626245803189041,0.026334996325004356
1.1632428120582463,0.02630118022329228
1.1638610437975887,0.0262673641215802
1.164479275536931,0.026233548019868113
1.1650975072762735,0.026199731918156024
1.1657157390156159,0.02616604974173379
1.1663339707549583,0.02613264304514005
1.1669522024943009,0.026099236348546294
1.167570434233643,0.025987049103244713
1.1681886659729854,0.025867161506680864
1.1688068977123278,0.025747273910117035
1.1694251294516704,0.025627386313553147
1.1700433611910126,0.02550749871698935
1.170661592930355,0.02539028797991746
1.1712798246696976,0.025331395658963658
1.1718980564090398,0.02527231650668837
1.1725162881483822,0.025213015158250623
1.1731345198877245,0.02515371380981287
1.1737527516270672,0.0250944124613751
1.1743709833664093,0.025035111112937374
1.1749892151057517,0.02497580976449962
1.175607446845094,0.024916508416061876
1.1762256785844367,0.0248572070676241
1.1768439103237789,0.02479790571918637
1.1774621420631213,0.024736397527433958
1.1780803738024639,0.024667642670987377
1.1786986055418063,0.024598609177502243
1.1793168372811484,0.024529575684017143
1.1799350690204908,0.024460542190532012
1.1805533007598334,0.024391508697046857
1.1811715324991756,0.024322475203561754
1.181789764238518,0.024253441710076623
1.1824079959778606,0.024184408216591465
1.183026227717203,0.024115374723106337
1.1836444594565452,0.024053877754246503
1.1842626911958876,0.023996202506916493
1.1848809229352302,0.023938832572130933
1.1854991546745726,0.02388154344449721
1.1861173864139147,0.023824254316863518
1.1867356181532573,0.023766965189229775
1.1873538498925997,0.023709676061596057
1.187972081631942,0.023652386933962353
1.1885903133712843,0.02359509780632863
1.189208545110627,0.023537808678694892
1.1898267768499693,0.023480519551061174
1.1904450085893115,0.023422129910869095
1.191063240328654,0.02336282782994803
1.1916814720679965,0.02330352515408589
1.1922997038073389,0.023244222478223758
1.192917935546681,0.023184919802361644
1.1935361672860236,0.02312561712649949
1.194154399025366,0.023066314450637358
1.1947726307647084,0.023007011774775224
1.1953908625040508,0.02294770909891309
1.1960090942433932,0.02288840642305096
1.1966273259827356,0.02282910374718883
1.1972455577220777,0.022719065524629194
1.1978637894614204,0.022590967595985414
1.1984820212007627,0.022462869667341675
1.1991002529401051,0.022334771738697936
1.1997184846794473,0.022206673810054246
1.20033671641879,0.02209015846553377
1.2009549481581323,0.022026078996080414
1.2015731798974747,0.021961999526627057
1.202191411636817,0.0218979200571737
1.2028096433761595,0.021833840587720338
1.2034278751155019,0.02176976111826698
1.204046106854844,0.0217056822872634
1.2046643385941866,0.021641603492797017
1.205282570333529,0.021577524698330665
1.2059008020728714,0.021513445903864302
1.2065190338122138,0.021449367109397946
1.2071372655515562,0.021393518009571077
1.2077554972908986,0.021337745770510206
1.208373729030241,0.021281973531449335
1.2089919607695834,0.021226201292388457
1.2096101925089258,0.021170429053327586
1.2102284242482682,0.021114656537333992
1.2108466559876105,0.021058883694434778
1.211464887726953,0.021003110851535556
1.2120831194662953,0.020947338008636338
1.2127013512056377,0.020891565165737116
1.21331958294498,0.020835792322837898
1.2139378146843225,0.020788896533880996
1.2145560464236649,0.020748824312165175
1.2151742781630073,0.020708752090449357
1.2157925099023497,0.020668679868733535
1.216410741641692,0.020628607647017717
1.2170289733810344,0.020588535776000307
1.2176472051203768,0.020548463915318754
1.2182654368597192,0.0205083920546372
1.2188836685990616,0.02046832019395565
1.219501900338404,0.020428248333274095
1.2201201320777464,0.02038817647259254
1.2207383638170888,0.020348104611910982
1.2213565955564312,0.020308032751229433
1.2219748272957738,0.02026796089054786
1.222593059035116,0.02022788902986632
1.2232112907744583,0.020127896790362296
1.2238295225138007,0.020007212751353188
1.2244477542531431,0.019886528712344077
1.2250659859924855,0.019765844673334965
1.225684217731828,0.01964516063432586
1.2263024494711705,0.01952447659531671
1.2269206812105127,0.019463748641939844
1.227538912949855,0.019411488537270274
1.2281571446891975,0.019359228432600708
1.22877537642854,0.019306968327931114
1.2293936081678822,0.01925470822326156
1.2300118399072246,0.01920208542154845
1.2306300716465672,0.019149461482263312
1.2312483033859096,0.0190968375429782
1.2318665351252518,0.019044213603693093
1.2324847668645942,0.018991589664407976
1.2331029986039368,0.01893896572512284
1.233721230343279,0.018886341785837736
1.2343394620826214,0.018842938135830864
1.234957693821964,0.018801378908448813
1.2355759255613064,0.018759819681066783
1.2361941573006485,0.01871833376516608
1.236812389039991,0.018677138952797975
1.2374306207793335,0.018635944140429853
1.238048852518676,0.018594749328061745
1.238667084258018,0.018553554515693654
1.2392853159973605,0.018512359703325546
1.239903547736703,0.018471164890957424
1.2405217794760452,0.01842997007858933
1.2411400112153876,0.018388775266221225
1.2417582429547303,0.018347580453853107
1.2423764746940726,0.018306385641485
1.2429947064334148,0.018259012092280574
1.2436129381727572,0.0181989582643282
1.2442311699120998,0.018138904436375804
1.2448494016514422,0.01807885060842343
1.2454676333907844,0.018018796780471073
1.246085865130127,0.01795874295251868
1.2467040968694694,0.0178986891245663
1.2473223286088118,0.01783863529661392
1.247940560348154,0.017778581468661566
1.2485587920874965,0.01771852764070917
1.249177023826839,0.017658473812756793
1.249795255566181,0.01756717458212148
1.2504134873055237,0.017446125437828964
1.251031719044866,0.01732507629353648
1.2516499507842085,0.017204027149244006
1.2522681825235507,0.017082978004951573
1.2528864142628933,0.01696192886065905
1.2535046460022357,0.016900151711819994
1.254122877741578,0.016870971052572493
1.2547411094809202,0.016841790393325007
1.2553593412202628,0.016812609734077496
1.2559775729596052,0.01678342912366406
1.2565958046989474,0.016754248862959387
1.25721403643829,0.01672506860225468
1.2578322681776324,0.016695888341549985
1.2584504999169748,0.0166667080808453
1.259068731656317,0.01663752782014062
1.2596869633956596,0.01660834755943592
1.260305195135002,0.016579167298731226
1.2609234268743443,0.016549987038026535
1.2615416586136867,0.016520806777321848
1.2621598903530291,0.016491626516617158
1.2627781220923715,0.016462446268792806
1.263396353831714,0.016433266047497532
1.2640145855710563,0.01640408582620226
1.2646328173103987,0.016374905604906998
1.265251049049741,0.016325380444160795
1.2658692807890835,0.016271045503676508
1.2664875125284258,0.01621671056319222
1.2671057442677682,0.016162375622707933
1.2677239760071106,0.016108040682223653
1.268342207746453,0.016053705741739366
1.2689604394857954,0.015999370801255085
1.2695786712251378,0.01594485361124473
1.2701969029644802,0.015890175539445005
1.2708151347038226,0.015835497467645284
1.271433366443165,0.01578081939584557
1.2720515981825073,0.01572586478226874
1.2726698299218497,0.015667482048202355
1.2732880616611921,0.015609099314135979
1.2739062934005345,0.015550716580069597
1.2745245251398771,0.015492333846003197
1.2751427568792193,0.015433951111936834
1.2757609886185617,0.015375568377870456
1.276379220357904,0.015317332749258346
1.2769974520972465,0.01525929453228032
1.2776156838365889,0.015201256315302291
1.2782339155759312,0.015143218098324265
1.2788521473152736,0.015085179881346234
1.279470379054616,0.015040633586543162
1.2800886107939584,0.014996677496813274
1.2807068425333008,0.014952721407083381
1.2813250742726434,0.014908765317353474
1.2819433060119856,0.014864809227623598
1.282561537751328,0.014820853137893709
1.2831797694906704,0.01477667938038336
1.2837980012300128,0.014732378493738573
1.2844162329693551,0.014688077607093786
1.2850344647086975,0.014643776720448998
1.2856526964480401,0.014599475833804195
1.2862709281873823,0.014555174947159426
1.2868891599267247,0.014510874060514638
1.287507391666067,0.014466230417713784
1.2881256234054097,0.014416435772834595
1.2887438551447519,0.014366641127955444
1.2893620868840943,0.014316846483076278
1.2899803186234369,0.014267051871025954
1.2905985503627793,0.014217257288423322
1.2912167821021214,0.014167462705820704
1.2918350138414638,0.014117668123218071
1.2924532455808064,0.014067873540615417
1.2930714773201486,0.0140180789580128
1.293689709059491,0.013968284375410166
1.2943079407988334,0.01391848979280753
1.294926172538176,0.013868695210204876
1.2955444042775182,0.013818900049778093
1.2961626360168605,0.013769104029319154
1.2967808677562032,0.01371945355326525
1.2973990994955455,0.013670001608972056
1.2980173312348877,0.013620549664678877
1.29863556297423,0.013571097720385677
1.2992537947135727,0.01352164577609246
1.299872026452915,0.01347219383179926
1.3004902581922573,0.01342274188750608
1.3011084899315999,0.013373289943212864
1.3017267216709423,0.01332383799891967
1.3023449534102844,0.013274386054626486
1.3029631851496268,0.013224934110333288
1.3035814168889694,0.013175061759626565
1.3041996486283118,0.01312493970756064
1.304817880367654,0.013074817655494736
1.3054361121069966,0.013024695603428789
1.306054343846339,0.012974573551362866
1.3066725755856814,0.012924451499296942
1.3072908073250236,0.012874329447231034
1.3079090390643662,0.01282420739516509
1.3085272708037086,0.012774085343099168
1.3091455025430507,0.012723963291033261
1.3097637342823933,0.012673841238967322
1.3103819660217357,0.012623862663576891
1.3110001977610781,0.012574641295685095
1.3116184295004203,0.012528063740692433
1.312236661239763,0.012481486185699737
1.3128548929791053,0.012434908630707061
1.3134731247184477,0.012388331075714385
1.31409135645779,0.012341753520721702
1.3147095881971325,0.012295175965729028
1.3153278199364749,0.012248598410736349
1.3159460516758172,0.01220202085574367
1.3165642834151596,0.012155443300750992
1.317182515154502,0.012108721773276423
1.3178007468938444,0.012061800617388893
1.3184189786331866,0.012014879461501374
1.3190372103725292,0.011967958305613823
1.3196554421118716,0.011922113527854281
1.320273673851214,0.011876533313554882
1.3208919055905564,0.01183095309925548
1.3215101373298987,0.011785372884956081
1.3221283690692411,0.01173979267065668
1.3227466008085835,0.011694212456357279
1.323364832547926,0.01164863224205788
1.3239830642872683,0.01160305221385202
1.3246012960266107,0.01155747259057963
1.325219527765953,0.011511892967307235
1.3258377595052955,0.011466313344034841
1.3264559912446379,0.011420733720762449
1.3270742229839803,0.011375154097490056
1.3276924547233226,0.011318222343960516
1.328310686462665,0.011220037429697327
1.3289289182020074,0.011121852515434133
1.3295471499413498,0.011023667601170944
1.3301653816806922,0.010925482686907751
1.3307836134200346,0.01082722909045149
1.331401845159377,0.010728718233497391
1.3320200768987194,0.010638489976196671
1.3326383086380618,0.010612919835216283
1.3332565403774042,0.01058734969423589
1.3338747721167465,0.010561779553255506
1.334493003856089,0.010536209412275115
1.3351112355954313,0.010510639271294723
1.3357294673347737,0.010485069130314337
1.336347699074116,0.010459498989333947
1.3369659308134585,0.01043392884835356
1.3375841625528009,0.01040835870737317
1.3382023942921433,0.010383049091923618
1.3388206260314857,0.010357805373305396
1.339438857770828,0.010332561654687178
1.3400570895101704,0.010307317936068958
1.340675321249513,0.01028207421745073
1.3412935529888552,0.010256830498832522
1.3419117847281976,0.010231586780214304
1.34253001646754,0.010206343061596086
1.3431482482068826,0.010181099342977853
1.3437664799462248,0.010155855624359646
1.3443847116855672,0.010130611905741426
1.3450029434249098,0.010102862236200582
1.345621175164252,0.01005594207503512
1.3462394069035943,0.01000902191386964
1.3468576386429367,0.00996210175270416
1.3474758703822793,0.009915181591538666
1.3480941021216215,0.0098682614303732
1.348712333860964,0.009821341269207721
1.3493305656003065,0.009774421108042223
1.349948797339649,0.009727500946876742
1.350567029078991,0.00968058078571128
1.3511852608183335,0.009633660624545801
1.351803492557676,0.009586548647866408
1.3524217242970182,0.009539303282981514
1.3530399560363606,0.009492057918096604
1.3536581877757032,0.009447007515669886
1.3542764195150456,0.009402383011506385
1.3548946512543878,0.009357758507342903
1.3555128829937302,0.009313134003179402
1.3561311147330728,0.009268509499015889
1.3567493464724152,0.009223884994852388
1.3573675782117574,0.009179260490688903
1.3579858099510997,0.009134635986525402
1.3586040416904424,0.009090129845981537
1.3592222734297847,0.009046173167609226
1.359840505169127,0.00900221648923693
1.3604587369084695,0.008958259810864606
1.361076968647812,0.008914303132492297
1.361695200387154,0.00887034645412
1.3623134321264965,0.008804836383952026
1.362931663865839,0.00873799435293532
1.3635498956051815,0.008671152321918642
1.3641681273445236,0.008604310290901985
1.3647863590838663,0.008537468259885278
1.3654045908232086,0.008470494997897156
1.366022822562551,0.008403309015841444
1.3666410543018932,0.008336123033785755
1.3672592860412358,0.00826893705173002
1.3678775177805782,0.008204026380617867
1.3684957495199204,0.008174502928708121
1.369113981259263,0.008144979476798354
1.3697322129986054,0.008115456024888596
1.3703504447379478,0.008085932572978839
1.37096867647729,0.008056409121069094
1.3715869082166325,0.008026885669159324
1.372205139955975,0.007997272172749047
1.3728233716953173,0.007967424111690333
1.3734416034346595,0.007937576050631633
1.374059835174002,0.007907727989572906
1.3746780669133445,0.00787787992851419
1.3752962986526869,0.007848031867455477
1.3759145303920293,0.007818183806396765
1.3765327621313717,0.007788335745338049
1.377150993870714,0.0077584876842793325
1.3777692256100562,0.00772863962322063
1.3783874573493988,0.007698791562161904
1.3790056890887412,0.0076689435011031894
1.3796239208280836,0.007635478686944093
1.380242152567426,0.007588557966956482
1.3808603843067684,0.0075416372469688745
1.3814786160461108,0.007494716526981265
1.3820968477854532,0.007447795806993657
1.3827150795247956,0.007400875087006047
1.383333311264138,0.00735395436701844
1.3839515430034803,0.00730703364703083
1.3845697747428227,0.007260112927043222
1.3851880064821651,0.007213192207055613
1.3858062382215075,0.007166271487068005
1.38642446996085,0.007119350816182797
1.3870427017001923,0.007072430160748152
1.3876609334395347,0.007025509505313506
1.388279165178877,0.006989111611967968
1.3888973969182195,0.006953315436264397
1.3895156286575618,0.006917519260560824
1.3901338603969042,0.006881723084857252
1.3907520921362466,0.006845926909153681
1.391370323875589,0.006810130733450107
1.3919885556149314,0.0067743345577465355
1.3926067873542738,0.006738538382042965
1.3932250190936164,0.0067027422918011035
1.3938432508329586,0.006666946246273988
1.394461482572301,0.006631150200746856
1.3950797143116433,0.006595354155219729
1.395697946050986,0.006559558109692586
1.3963161777903281,0.006523762064165468
1.3969344095296705,0.006487966018638337
1.397552641269013,0.006452169973111208
1.3981708730083553,0.006399563479314947
1.3987891047476977,0.006334777198684602
1.39940733648704,0.00626999091805426
1.4000255682263827,0.006205204557719672
1.4006437999657249,0.00614041813279195
1.4012620317050672,0.006075631707864207
1.4018802634444096,0.0060108452829364615
1.4024984951837522,0.005946058858008694
1.4031167269230944,0.005881272433080974
1.4037349586624368,0.005816486008153229
1.4043531904017794,0.005765954810682828
1.4049714221411216,0.005737749594398732
1.405589653880464,0.005709544378114623
1.4062078856198064,0.005681339161830516
1.406826117359149,0.005653134033693356
1.4074443490984911,0.005624929014071625
1.4080625808378335,0.005596723994449883
1.4086808125771761,0.005568518974828131
1.4092990443165185,0.005540313955206391
1.4099172760558607,0.005512108935584661
1.410535507795203,0.00548390391596292
1.4111537395345457,0.005455698896341169
1.411771971273888,0.005427493876719429
1.4123902030132303,0.005399288857097698
1.4130084347525727,0.005371083837475957
1.4136266664919153,0.0053428792333696466
1.4142448982312574,0.005314675421400869
1.4148631299705998,0.00528647160943208
1.4154813617099424,0.005258267797463282
1.4160995934492848,0.005230063985494493
1.416717825188627,0.0051754036068717025
1.4173360569279694,0.00511892546026043
1.417954288667312,0.005062447313649137
1.4185725204066544,0.005005969167037864
1.4191907521459965,0.004949491020426613
1.4198089838853392,0.004893012873815319
1.4204272156246815,0.004836617053353501
1.4210454473640237,0.0047804820431725905
1.421663679103366,0.004724347032991661
1.4222819108427087,0.004668212022810709
1.422900142582051,0.004612077012629778
1.4235183743213933,0.004560103093099422
1.4241366060607359,0.004512121365484252
1.4247548378000783,0.004464139637869099
1.4253730695394207,0.004416157910253947
1.4259913012787628,0.004368176182638813
1.4266095330181054,0.004320194455023642
1.4272277647574478,0.004272212881222979
1.4278459964967902,0.0042242314998614545
1.4284642282361326,0.004176250118499929
1.429082459975475,0.004128268737138404
1.4297006917148174,0.0040802873557768795
1.4303189234541596,0.004032305974415372
1.4309371551935022,0.00398432459305383
1.4315553869328446,0.003944063489075695
1.432173618672187,0.00391035145329658
1.4327918504115293,0.0038766394175174666
1.4334100821508717,0.0038429273817383526
1.4340283138902141,0.0038089922003746507
1.4346465456295565,0.0037749360841321795
1.435264777368899,0.0037408799678897075
1.4358830091082413,0.003706823851647237
1.4365012408475837,0.003672767735404765
1.4371194725869259,0.0036387116191623063
1.4377377043262685,0.0036046555029198226
1.4383559360656109,0.00357059938667735
1.4389741678049532,0.0035365432704348794
1.4395923995442956,0.0035024871541924083
1.440210631283638,0.003468431037949938
1.4408288630229804,0.0034345616567730973
1.4414470947623228,0.003400848563122264
1.4420653265016652,0.003368876776340303
1.4426835582410076,0.0033382876177774916
1.44330178998035,0.0033076984592146797
1.4439200217196924,0.003277109300651868
1.4445382534590347,0.003246520142089056
1.4451564851983771,0.0032159309835262436
1.4457747169377195,0.003185341824963434
1.446392948677062,0.00315475266640062
1.4470111804164043,0.003124163507837809
1.4476294121557467,0.0030935744836269622
1.4482476438950893,0.0030629855045150502
1.4488658756344315,0.003032396525403161
1.4494841073737739,0.00300180754629126
1.4501023391131163,0.0029712185671793593
1.4507205708524586,0.002940629588067458
1.451338802591801,0.0029100406089555574
1.4519570343311434,0.0028794516298436567
1.4525752660704858,0.0028488626507317564
1.4531934978098282,0.002812859856768213
1.4538117295491706,0.002766282234559293
1.454429961288513,0.002720051402204763
1.4550481930278556,0.0026738376781283877
1.4556664247671978,0.002627623954052045
1.4562846565065402,0.0025814102299756875
1.4569028882458825,0.002535196505899328
1.457521119985225,0.002488982781822969
1.4581393517245673,0.002442769057746611
1.4587575834639097,0.0023965553336702528
1.4593758152032523,0.0023503416095938773
1.4599940469425945,0.002304127885517535
1.4606122786819369,0.0022577445845650794
1.4612305104212793,0.0022088349209130826
1.4618487421606219,0.002123709333200328
1.462466973899964,0.002038583745487634
1.4630852056393064,0.00195345815777491
1.463703437378649,0.0018683325700621547
1.4643216691179914,0.001783206982349431
1.4649399008573336,0.0016980813946367364
1.465558132596676,0.001612955806924013
1.4661763643360186,0.001529634345237639
1.4667945960753608,0.0015011239747798407
1.4674128278147032,0.0014728576200629573
1.4680310595540458,0.001444711430779697
1.4686492912933882,0.0014165652414964468
1.4692675230327303,0.0013884190522132065
1.4698857547720727,0.0013602728629299571
1.4705039865114153,0.0013321266736466965
1.4711222182507577,0.0013039804843634462
1.4717404499901,0.0012758342950802064
1.4723586817294425,0.0012476881057969457
1.472976913468785,0.0012195419165136957
1.473595145208127,0.0011913957316478712
1.4742133769474695,0.0011632495665311936
1.474831608686812,0.0011351034014145062
1.4754498404261545,0.0011069572362978283
1.4760680721654966,0.0010788110711811608
1.476686303904839,0.0010506649060644834
1.4773045356441816,0.0010225187409477958
1.477922767383524,0.0009943725758311181
1.4785409991228662,0.0009322370926789124
1.4791592308622088,0.0008657577814100083
1.4797774626015512,0.0007992784701411284
1.4803956943408936,0.0007330681145130544
1.4810139260802357,0.0006669754886347003
1.4816321578195784,0.000600882862756299
1.4822503895589207,0.0005347902368779213
1.482868621298263,0.0004686976109995673
1.4834868530376055,0.00040260498512116583
1.484105084776948,0.00033670818183978977
1.4847233165162903,0.0003075857652024124
1.4853415482556325,0.00027846334856504565
1.485959779994975,0.00024934093192765806
1.4865780117343175,0.00022001866235216473
1.4871962434736599,0.00019050948897541433
1.4878144752130023,0.00016100031559866388
1.4884327069523446,0.00013149114222191355
1.489050938691687,0.00010198196884516304
1.4896691704310292,7.247279546842325e-05
1.4902874021703718,4.296362209166225e-05
1.4909056339097142,1.3454448714911795e-05
1.4915238656490566,0.0
1.4921420973883988,0.0
1.4927603291277414,0.0
1.4933785608670838,0.0
1.4939967926064261,0.0
1.4946150243457685,0.0
1.495233256085111,0.0
1.4958514878244533,0.0
1.4964697195637957,0.0
1.497087951303138,0.0
1.4977061830424805,0.0
1.4983244147818229,0.0
1.4989426465211653,0.0
1.4995608782605077,0.0
1.50017910999985,0.0
